YEAR,Jan,Feb,Mar,Apr,May,Jun,Jul,Aug,Sep,Oct,Nov,Dec
1958,,,,,,,6290,6310,6230,6140,5750,5950
1958,,,,,,,6310,6340,6310,6140,5720,5950
1958,,,,,,,6460,6340,6290,6170,5750,6000
1958,,,,,,,6600,6310,6310,6290,5800,6090
1958,,,,,,,6510,6340,6090,6200,5890,6030
1958,,,,,,,6540,6290,6340,6120,5780,6030
1958,,,,,,,6630,6310,6400,6170,5780,6030
1958,,,,,,,6570,6370,6310,6200,5720,6060
1958,,,,,,,6510,6310,6460,6230,5800,5950
1958,,,,,,,6460,6340,6400,6290,5890,5950
1958,,,,,,,6480,6310,6260,6310,5920,5970
1958,,,,,,,6430,6290,6260,6310,5920,5950
1958,,,,,,,6430,6310,6200,6310,5920,5970
1958,,,,,,,6400,6260,6200,6310,5890,5970
1958,,,,,,,6510,6260,6290,6170,5920,5950
1958,,,,,,,6480,6260,6230,6200,5830,5890
1958,,,,,,,6430,6310,6260,6120,5830,5860
1958,,,,,,,6480,6340,6230,6090,5890,5890
1958,,,,,,,6510,6310,6200,6090,5920,5890
1958,,,,,,,6400,6310,6090,6060,5920,5890
1958,,,,,,,6400,6310,6090,6090,5950,5890
1958,,,,,,,6310,6290,6060,6000,5970,5890
1958,,,,,,,6310,6310,6090,6030,5970,5860
1958,,,,,,,6340,6310,6120,6000,5970,5800
1958,,,,,,,6340,6310,6120,5970,5890,5800
1958,,,,,,,6340,6290,6120,5950,5860,5800
1958,,,,,,,6430,6340,6090,5890,5920,5830
1958,,,,,,,6370,6310,6120,5830,5920,5830
1958,,,,,,,6480,6310,6140,5800,5970,5780
1958,,,,,,,6400,6290,6140,5780,5950,5690
1958,,,,,,,6310,6290,,5750,,5720
1959,5490,5320,5380,6460,7450,7420,7330,6770,6460,5890,5970,5920
1959,5550,5380,5470,6480,7420,7450,7280,6770,6460,5890,5970,5890
1959,5490,5440,5440,6510,7390,7420,7250,6800,6340,5890,5970,5920
1959,5470,5380,5440,6510,7420,7480,7250,6770,6340,5890,5970,5890
1959,5490,5380,5470,6510,7420,7450,7220,6770,6340,5860,5970,6000
1959,5490,5410,5470,6510,7450,7450,7310,6680,6340,5860,5970,5970
1959,4960,5440,5520,6480,7450,7450,7250,6650,6340,5890,5970,5950
1959,4730,5440,5470,6600,7450,7390,7250,6650,6340,5890,5970,5970
1959,4640,5410,5470,6820,7420,7450,7250,6650,6340,5890,5970,5970
1959,4760,5410,5490,6740,7420,7450,7250,6650,6260,5890,5970,5970
1959,4700,5300,5490,6740,7450,7480,7250,6680,6260,5860,5950,5970
1959,4760,5270,5490,6740,7450,7480,7250,6650,6260,5890,5970,5970
1959,4760,5320,5610,6740,7480,7450,7220,6460,6260,5890,5970,5970
1959,4730,5350,5610,6740,7450,7480,7250,6460,6260,5890,5950,5970
1959,4760,5350,5640,6880,7450,7480,7190,6460,6260,5860,5970,5970
1959,4790,5320,5640,7140,7480,7450,7190,6460,6260,5890,5950,5950
1959,4840,5350,5690,7160,7450,7480,7220,6460,6120,5890,5970,6120
1959,4840,5300,5720,7160,7450,7480,7190,6430,6120,5890,5970,6120
1959,4960,5320,5780,7140,7450,7500,7220,6460,6120,5860,5950,6120
1959,4900,5350,5890,7250,7480,7420,7250,6460,6120,5890,5890,6120
1959,4980,5380,5860,7330,7450,7420,7250,6460,6120,5890,5920,6120
1959,5040,5410,5860,7450,7450,7450,7250,6460,6060,5890,5920,6120
1959,5040,5380,5950,7480,7420,7450,6910,6460,6060,5970,5890,6120
1959,5010,5380,6000,7450,7450,7450,6910,6460,6030,5950,5920,6120
1959,5040,5410,6060,7480,7450,7480,6910,6460,6000,5970,5890,6200
1959,5040,5380,6060,7480,7450,7450,6910,6460,6000,5970,5920,6200
1959,5130,5380,6260,7480,7450,7450,6910,6460,6000,5950,5890,6200
1959,5210,5410,6030,7480,7420,7480,6910,6460,5970,5970,5920,6200
1959,5240,,6090,7420,7450,7450,6910,6460,6000,5970,5920,6200
1959,5300,,6260,7450,7450,7450,6850,6430,6000,5950,5890,6200
1959,5300,,6340,,7480,,6820,6460,,5970,,6170
1960,6060,6310,6260,6400,7420,7870,7700,7760,6970,6400,5520,5970
1960,6060,6310,6260,6400,7450,7900,7670,7760,7050,6370,5550,5970
1960,6060,6060,6540,6400,7450,7870,7700,7760,7020,6430,5860,5970
1960,6060,6060,6540,6570,7450,7870,7730,7650,6990,6400,5830,5950
1960,6060,6060,6540,6570,7560,7870,7760,7620,6990,6400,5830,5970
1960,6060,6060,6540,6570,7530,7900,7700,7650,6970,6120,5800,5970
1960,6170,6060,6540,6680,7530,7900,7670,7650,7020,6140,5860,5970
1960,6170,6060,6540,6850,7530,7900,7670,7650,6600,6090,5800,5970
1960,6170,6060,6540,6880,7500,7900,7670,7650,6650,5800,5830,5970
1960,6090,6060,6540,6880,7530,7930,7670,7650,6630,5830,5830,5970
1960,5640,6030,6540,6880,7530,7930,7670,7390,6600,5800,5830,5950
1960,5660,6060,6540,6990,7620,7930,7670,7390,6650,5830,5830,5950
1960,5580,6060,6540,6990,7700,7900,7670,7420,6630,5520,5830,5950
1960,5520,6030,6540,7050,7650,7930,7820,7390,6600,5550,5830,5950
1960,5520,6090,6540,7050,7590,8040,7790,7420,6540,5550,5800,5970
1960,5660,6060,6540,7050,7670,8500,7790,7420,6540,5520,5830,5970
1960,5750,6060,6540,7020,7670,8500,7790,7420,6510,5550,5970,5970
1960,5780,6120,6540,7080,7650,8500,7790,7250,6460,5550,5970,5970
1960,5860,6170,6400,7050,7670,8470,7820,7220,6540,5550,5950,5970
1960,6000,6140,6370,7050,7670,8500,7820,7220,6510,5520,5970,5950
1960,6120,6140,6430,7330,7650,8500,7990,7250,6510,5550,5970,5950
1960,6170,6200,6400,7330,7700,8500,7930,7220,6430,5550,5970,5950
1960,6260,6170,6400,7330,7650,8640,7960,7220,6430,5520,5970,5950
1960,6260,6170,6400,7330,7700,8670,7960,7250,6400,5580,5860,5970
1960,6260,6260,6400,7310,7620,8640,7960,7190,6430,5520,5890,5950
1960,6260,6260,6290,7310,7760,8670,7990,7220,6430,5550,5860,5950
1960,6260,6260,6260,7330,7760,8670,7930,7190,6430,5520,5970,5950
1960,6310,6260,6310,7450,7730,8690,7760,7190,6430,5550,5970,5950
1960,6310,6260,6290,7480,7730,8670,7760,7190,6400,5550,5950,5950
1960,6310,,6290,7420,7670,7870,7760,7190,6370,5520,6000,5950
1960,6310,,6290,,7730,,7730,7190,,5550,,5950
1961,5950,6090,6140,5690,7050,7900,7700,7310,7080,6680,6140,6030
1961,5950,6170,6000,5720,7080,7900,7670,7330,7110,6680,6120,6030
1961,5950,6170,6000,6120,7080,7930,7670,7330,7110,6680,6140,6030
1961,5950,5780,5610,6120,7050,7960,7670,7330,7110,6680,6260,6030
1961,5970,5750,5610,6120,7080,7930,7700,7220,7110,6680,6230,6060
1961,5970,6120,6000,6090,6540,7960,7700,7220,7080,6710,6230,6060
1961,5970,6140,6000,6090,6540,7960,7700,7220,7110,6680,6230,6060
1961,5970,6140,6000,5690,6540,7930,7700,7220,7110,6650,6230,6060
1961,5970,6140,6000,5690,6540,7930,7670,7220,7080,6650,6260,5780
1961,5970,6140,6000,6090,6540,8010,7700,7220,7050,6650,6260,5800
1961,5970,5750,5580,6090,6540,7990,7670,7190,7080,6680,6120,6200
1961,5970,5750,5580,6060,6540,8010,7700,7160,7080,6650,6120,6170
1961,5970,6140,6000,6060,6770,8010,7700,7160,7080,6680,6140,6200
1961,5970,6140,6000,6060,6770,8010,7700,7140,7080,6600,6140,6200
1961,5970,6140,6000,6060,6770,8010,7450,7140,7080,6570,6120,6200
1961,5970,6140,6000,6030,6770,8010,7480,7140,6990,6630,6120,5780
1961,5970,6140,5970,6060,6770,7930,7480,7160,6990,6630,6140,5780
1961,5970,5750,5580,6030,6770,7930,7480,7160,6990,6600,6030,6170
1961,5970,5720,5580,6060,6770,7900,7480,7050,6990,6630,6060,6200
1961,5970,6140,6000,6060,7310,7930,7480,7080,6990,6600,6030,6170
1961,5780,6140,5970,6060,7310,7930,7450,7050,6970,6480,6030,6170
1961,5800,6140,6000,6540,7310,7930,7480,7080,6970,6460,6060,6170
1961,6090,6140,6000,6540,7330,7930,7450,7050,6800,6480,6060,6260
1961,6090,6140,5970,6540,7330,7730,7480,7050,6770,6460,6030,5830
1961,6090,5750,5610,6510,7330,7700,7480,7080,6800,6480,6030,5860
1961,6090,5750,5610,6510,7330,7730,7480,7110,6770,6460,6000,6230
1961,6090,6140,6000,6540,7900,7730,7480,7110,6800,6460,6060,6230
1961,5720,6140,6000,6510,7870,7730,7450,7110,6770,6140,6060,6260
1961,5690,,6000,7080,7870,7730,7360,7110,6820,6140,6060,6230
1961,6090,,6140,7050,7900,7730,7330,7110,6680,6120,6060,6060
1961,6090,,6060,,7900,,7310,7110,,6140,,5690
1962,5690,6090,6000,5070,5520,5350,6090,6120,6170,6000,5970,5950
1962,6060,6090,6000,5470,5520,5970,6090,6090,6170,6000,5970,5970
1962,6090,5610,5520,5470,5550,5970,6090,6120,6170,6030,5830,5970
1962,6060,5610,5520,5490,5550,5970,6090,6090,6170,6000,5800,5970
1962,6090,6000,5920,5490,5800,5970,6090,6090,6170,5970,5830,5950
1962,5780,6030,5920,5470,5830,5970,6060,6090,6170,5950,5830,5970
1962,5660,6030,5920,5070,5800,5970,6060,6090,6200,5970,5830,5950
1962,6060,6030,5920,5070,5800,5970,6060,6090,6140,5970,5830,5970
1962,6060,6030,5920,5470,5800,6030,6060,6090,6140,5970,5830,5970
1962,6060,5610,5520,5490,5830,6030,6060,6090,6140,5970,5830,5970
1962,5920,5610,5520,5490,5830,6030,6060,6140,6140,5970,5830,5970
1962,5720,6030,5920,5470,5780,6030,6060,6140,6140,5970,5860,5970
1962,5690,6030,5920,5470,5780,6030,6060,6120,6120,6000,5860,5970
1962,5970,6030,5920,5350,5780,6030,6090,6140,6140,6000,5860,5970
1962,6140,6030,5920,5350,5780,6030,6090,6140,6090,6000,5860,5690
1962,6090,6030,5920,5350,5800,6090,6090,6140,6090,6000,5860,5690
1962,6090,5610,5520,5350,5780,6090,6090,6140,6090,6000,5800,6060
1962,6120,5610,5490,5380,5800,6090,6090,6170,6090,6000,5800,6090
1962,6120,6000,5920,5350,5380,6090,6090,6170,6090,6000,5800,6090
1962,5750,6000,5920,5350,5350,6090,6090,6170,6090,5970,5890,6090
1962,5750,6000,5920,5490,5350,6090,6030,6170,6090,5970,5970,6090
1962,6140,6000,5920,5490,5350,6090,6030,6170,6090,5970,5970,6120
1962,6140,6000,5920,5520,5350,6090,6000,6170,6090,5970,5970,5550
1962,6140,5610,5490,5520,5350,6090,6030,6170,6090,5970,5970,6140
1962,6140,5610,5520,5490,5380,6090,6030,6140,6120,5970,5970,5550
1962,6140,6000,5890,5490,5350,6090,6030,6140,6090,5970,5970,6140
1962,5690,6000,5890,5490,5350,6090,6030,6140,6060,5970,5970,6140
1962,5690,6000,5890,5550,5350,6090,6120,6140,6090,6000,5970,6140
1962,6090,,5890,5520,5350,6090,6120,6140,5970,5950,5970,6090
1962,6090,,5920,5520,5350,6090,6120,6140,6000,5970,5970,5490
1962,6090,,5070,,5350,,6120,6140,,5970,,6090
1963,5490,6710,6060,5520,5320,5720,5920,6170,6060,6090,6090,5950
1963,6090,5440,5320,5520,5320,5750,5920,6170,6060,6090,6090,5950
1963,6090,5440,5320,5520,5320,5750,5920,6120,6060,6090,6090,5950
1963,6090,6030,5920,5520,5320,5750,5920,6120,6060,6090,6090,5950
1963,5640,6030,5920,5520,5320,5750,5950,6120,6060,5780,6090,5950
1963,5470,6030,5920,4900,5320,5750,5950,6120,6060,5780,6090,5950
1963,6060,6030,5920,4900,5320,5750,5950,6120,5970,5780,6090,5950
1963,6060,6030,5920,5490,5320,5800,5950,6120,5970,5780,5950,5950
1963,6060,5440,5320,5520,5320,5800,5950,6120,5970,5780,5610,5950
1963,6060,5440,5320,5550,5320,5800,5950,6120,5970,5780,5610,5950
1963,6060,6030,5920,5520,5320,5800,5950,6120,5970,5780,5610,5950
1963,5470,6030,5920,5520,5320,5800,5950,6120,5970,5660,5610,5950
1963,5470,6030,5920,4930,5320,5800,6170,6120,5970,5660,5610,5950
1963,6090,6030,5920,4930,5320,5800,6170,6120,6030,5690,5610,5580
1963,6090,6030,5920,5520,5320,5890,6170,6120,6030,6230,5610,5550
1963,6090,5440,5040,5520,5320,5890,6170,6120,6030,6230,5610,6140
1963,6090,5440,5040,5520,5320,5890,6170,6140,6030,6230,5610,6120
1963,6090,6030,5640,5520,5320,5890,6170,6140,6030,6230,6090,6120
1963,5490,6030,5640,5520,5320,5890,6170,6140,6030,6090,5800,6090
1963,5490,6030,5640,5350,5320,5890,6090,6140,6030,6090,5610,6120
1963,6090,6030,5640,5350,5320,5890,6090,6170,5950,6090,5610,6120
1963,6090,6030,5640,5350,5320,5920,6090,6140,5950,6090,5610,5520
1963,6090,5440,5010,5350,5320,5920,6090,6140,5950,6090,5610,6120
1963,6090,5440,5010,5350,5320,5920,6090,6140,5950,6090,5610,6120
1963,6090,6030,5640,5380,5320,5920,6090,6140,5950,6090,5610,5520
1963,5490,6030,5640,5380,5320,5920,6090,6140,5950,6090,5800,6120
1963,5490,6030,5640,5350,5320,5920,6170,6140,5950,6120,5950,6120
1963,6090,6060,5640,5350,5320,5920,6170,6140,6090,6090,6090,5520
1963,6090,,5640,5350,5320,5920,6170,6140,6090,6090,6090,5520
1963,6400,,4900,5350,5320,5920,6170,6140,6090,6090,5950,6120
1963,6710,,4930,,5320,,6170,6060,,6090,,6120
1964,6120,5440,5350,5490,4980,5410,5580,5750,5830,5890,5830,5520
1964,6120,5440,5550,5490,4960,5410,5580,5750,5830,5890,5830,5520
1964,6120,6030,5550,5490,4960,5410,5580,5750,5830,5800,5830,5520
1964,5520,6030,5550,4670,4960,5410,5610,5750,5830,5830,5830,5520
1964,5520,6030,5550,4670,4960,5410,5610,5750,5830,5830,5830,5380
1964,6120,6030,5550,5270,4960,5550,5610,5750,5830,5830,5830,5380
1964,6120,6030,5070,5270,4960,5550,5610,5780,5830,5860,5800,5660
1964,6120,5440,5070,5300,4960,5550,5610,5890,5830,5830,5800,5660
1964,6120,5440,5660,5270,4960,5550,5610,5890,5830,5830,5800,5660
1964,6120,6030,5660,5270,4960,5550,5610,5890,5830,5830,5800,5660
1964,5520,6030,5660,5100,5320,5550,5690,5890,5830,5830,5800,5660
1964,5520,6030,5660,5100,5320,5550,5690,5890,5800,5830,5800,5380
1964,6120,6030,5660,5100,5320,5580,5690,5890,5800,5830,5830,5380
1964,6120,6030,5070,5100,5320,5580,5690,5890,5800,5830,5520,5660
1964,6120,5440,5070,5100,5320,5580,5690,5890,5950,5830,5520,5660
1964,6120,5440,5660,5100,5320,5580,5690,5890,5950,5830,5520,5660
1964,6120,6030,5660,5100,5320,5580,5690,5890,5950,5830,5520,5660
1964,5520,6030,5660,4960,5320,5580,5720,5890,5950,5830,5520,5660
1964,5520,6030,5660,4960,5320,5580,5720,5890,5890,5830,5520,4810
1964,6120,6030,5660,4960,5320,5580,5720,5890,5890,5830,5520,4810
1964,6120,6030,5070,4960,5320,5580,5720,5890,5890,5830,5520,5610
1964,6120,5440,5070,4960,5320,5580,5720,5890,5890,5830,5520,5610
1964,6120,5440,5660,4960,5320,5580,5720,5890,5890,5830,5520,5610
1964,6120,6030,5660,4960,5320,5580,5720,5890,5860,5720,5520,5610
1964,5520,6030,5660,4960,5320,5580,5750,5890,5920,5780,5520,4810
1964,5520,6030,5660,4930,5320,5580,5750,5890,5890,5750,5520,4810
1964,6120,6030,5660,4960,5320,5580,5750,5890,5860,5750,5520,4810
1964,6120,6030,4900,4960,5320,5580,5750,5890,5890,5750,5520,5610
1964,6120,5350,4900,4960,5320,5580,5750,5830,5890,5750,5520,5610
1964,6120,,5520,4960,5410,5580,5750,5830,5890,5750,5520,5610
1964,6120,,5490,,5410,,5750,5830,,5830,,5610
1965,4810,5380,5300,5520,4810,4960,5520,5780,5860,5520,5950,6000
1965,4810,5380,5300,5300,4810,4960,5520,5780,5860,5520,5950,6000
1965,4810,5380,5300,4760,5180,4960,5580,5780,5860,5520,5950,6000
1965,5380,5380,5300,4790,5180,4960,5610,5780,5660,5520,5950,5690
1965,5380,5380,5300,5380,5180,5240,5610,5780,5660,5520,5950,5690
1965,5380,4590,4500,5380,5180,5240,5610,5780,5660,5520,5660,6480
1965,5380,4590,4500,5350,5180,5240,5610,5800,5660,5520,5660,6480
1965,5380,5380,5300,5350,4810,5240,5610,5800,5660,5520,5950,6480
1965,4670,5380,5300,5380,4810,5240,5610,5800,5660,5520,5920,6480
1965,4670,5380,5300,5130,5180,5240,5720,5800,5660,5520,5970,6480
1965,5470,5380,5300,5100,5180,5240,5720,5800,5830,5520,5950,5830
1965,5470,5380,5300,5320,5180,5380,5720,5800,5830,5520,5950,5830
1965,5470,4590,4500,5320,5180,5380,5720,5800,5830,5550,5950,6630
1965,5470,4590,4500,5320,5180,5380,5720,5860,5830,5950,5950,6630
1965,5470,5380,5300,5320,4760,5380,5720,5860,5830,5950,5950,6630
1965,4670,5380,5300,5320,4760,5380,5720,5860,5830,5950,5950,6630
1965,4670,5380,5300,4960,4960,5380,5750,5860,5830,5950,5950,6630
1965,5470,5380,5300,4960,4960,5410,5750,5860,5800,5950,5950,6000
1965,5470,5380,5300,5320,4960,5470,5750,5860,5800,5950,5950,6000
1965,5470,4590,4500,5320,4960,5520,5750,5860,5800,5950,5950,6800
1965,5470,4590,4500,5320,4960,5490,5750,5920,5800,5970,5950,6800
1965,5470,5380,5300,5320,4960,5490,5750,5920,5800,5950,5950,6800
1965,4670,5380,5300,5320,4960,5490,5750,5920,5800,5950,5970,6800
1965,4670,5380,5300,4810,4960,5490,5750,5920,5800,5950,5950,6800
1965,5470,5380,5300,4810,4960,5490,5750,5920,5660,5950,5950,6060
1965,5410,5380,5300,5180,4960,5520,5750,5920,5660,5950,5950,6060
1965,5490,4500,4500,5180,4960,5520,5750,5920,5660,5950,6000,6850
1965,5490,4500,4500,5180,4960,5520,5750,5860,5520,5950,6000,6850
1965,5490,,5300,5180,4960,5520,5750,5860,5520,5950,6000,6850
1965,4590,,5300,5180,4960,5520,5750,5860,5520,5660,6000,6850
1965,4590,,5300,,4960,,5780,5860,,5660,,6850
1966,5920,6600,6600,6910,6400,5780,6140,6230,6230,6140,6120,5860
1966,5920,6600,6600,6650,6400,5780,6170,6230,6230,6140,6310,5860
1966,6710,6600,6600,6650,6400,5780,6170,6230,6260,6140,6120,5380
1966,6710,6600,6600,6650,6400,5890,6170,6230,6260,6140,6120,5380
1966,6710,5720,5950,6650,6400,5890,6170,6230,6260,6140,6120,6170
1966,6710,5720,5950,6650,6400,5890,6170,6230,6260,6140,6120,6170
1966,6710,6510,6740,6650,6090,5890,6170,6230,6260,6140,6120,6170
1966,5800,6510,6740,6650,6090,5890,6170,6230,6260,6120,6120,6170
1966,5780,6510,6740,6710,6090,5950,6230,6230,6260,6120,6120,6170
1966,6340,6510,6740,6710,6090,5890,6230,6230,6260,6120,6120,5410
1966,6340,6510,6740,6710,6090,6000,6230,6230,6260,6120,6120,5410
1966,6200,5610,6680,6710,6090,5950,6230,6230,6260,6120,6120,6200
1966,6400,5610,6680,6710,6090,6000,6290,6260,6260,6120,6120,6200
1966,6340,6400,6680,6710,5920,6000,6230,6260,6260,6120,6120,6200
1966,5780,6400,6680,6710,5920,6000,6230,6260,6260,6120,5890,6200
1966,5780,6400,6680,6600,5920,6030,6230,6260,6260,6120,5890,6200
1966,6340,6400,6680,6600,5920,6000,6170,6260,6260,6120,5890,5750
1966,6340,6400,6680,6600,5920,6140,6230,6260,6260,6120,5890,5750
1966,6340,5800,6650,6600,5920,6140,6230,6290,6260,6120,5890,6540
1966,6570,5800,6650,6600,5920,6140,6230,6230,6400,6120,5890,6540
1966,6570,6600,6650,6600,5800,6140,6230,6200,6260,6120,5890,6540
1966,5750,6600,6650,6680,5800,6140,6230,6230,6260,6120,5890,6540
1966,5750,6600,6650,6510,5800,6140,6230,6230,6260,6120,5890,6540
1966,6540,6600,6630,6430,5800,6290,6230,6230,6290,6120,5890,6430
1966,6540,6600,6650,6510,5800,6140,6230,6230,6140,6120,5890,6030
1966,6540,5800,6120,6510,5800,6000,6230,6230,6290,6120,5860,6000
1966,6540,5800,6120,6740,5800,6140,6230,6230,6290,6120,5860,6460
1966,6540,6600,6910,6510,5780,6140,6230,6230,6290,6120,5860,6460
1966,5800,,6910,6510,5780,6140,6230,6230,6290,6120,5860,6460
1966,5800,,6940,6400,5780,6140,6230,6230,6290,6140,5860,6680
1966,6600,,6880,,5780,,6230,6230,,6120,,6370
1967,5970,6510,6630,4980,6310,6290,6140,6510,6600,6400,7560,8070
1967,5950,6510,6630,4980,6310,6290,6140,6510,6800,6540,7560,8040
1967,6630,6510,6630,5780,6310,6340,6140,6510,6800,6540,7560,8040
1967,6400,6000,5660,5780,6310,6340,6140,6510,6800,6540,7650,8040
1967,6400,6000,5660,5780,6310,6340,6140,6510,6800,6540,7650,8040
1967,6630,6800,6460,5780,6200,6340,6140,6510,6800,6540,7650,8040
1967,5660,6800,6460,5780,6200,6340,6140,6510,6800,6940,7650,8040
1967,5660,6800,6460,5920,6200,6340,6460,6510,6800,6940,7650,8040
1967,6460,6800,6460,5920,6200,6340,6460,6510,6650,6940,7650,7960
1967,6460,6800,6460,5920,6200,6170,6460,6510,6650,6940,7650,7960
1967,6460,5920,5610,5920,6200,6170,6460,6510,6650,6940,7840,7960
1967,6460,5920,5610,5920,6200,6170,6460,6680,6650,6940,7840,7960
1967,6460,6710,6400,5920,6090,6170,6460,6680,6650,6940,7840,7960
1967,5660,6710,6400,5920,6090,6170,6460,6680,6650,7050,7840,7960
1967,5660,6710,6400,6120,6090,6170,6650,6680,6650,7050,7840,7960
1967,6230,6710,6400,6120,6090,6170,6650,6680,6400,7050,7840,7870
1967,6230,6710,6400,6120,6090,6170,6650,6680,6400,7050,7840,7870
1967,6230,5860,5410,6120,6090,6170,6650,6680,6400,7050,7930,7870
1967,6460,5860,5410,6120,6090,6170,6650,6680,6400,7050,7930,7870
1967,6460,6650,6200,6120,6140,6170,6650,6680,6400,7050,7930,7870
1967,5640,6650,6200,6120,6140,6170,6650,6680,6400,7450,7930,7870
1967,5640,6650,6200,6290,6140,6170,6340,6680,6430,7420,7930,7870
1967,6430,6650,6200,6290,6140,6170,6340,6680,6460,7420,7930,7990
1967,6430,6650,6230,6290,6140,6030,6340,6680,6460,7420,7930,7990
1967,6430,5830,5210,6290,6140,6030,6340,6680,6460,7420,8070,7990
1967,6430,5830,5240,6290,6140,6030,6340,6570,6460,7420,8070,7990
1967,6430,6630,6030,6290,6290,6030,6340,6570,6460,7420,8070,7990
1967,5720,6630,6030,6290,6290,6030,6340,6570,6570,7560,8070,7990
1967,5720,,6030,6310,6290,6030,6510,6570,6460,7560,8070,7990
1967,6510,,6000,6290,6290,6030,6510,6570,6540,7560,8070,7960
1967,6510,,6000,,6290,,6510,6570,,7560,,7960
1968,7500,7080,6910,7220,7500,6800,6940,7250,7560,7730,7360,7390
1968,6650,7080,6310,7220,7500,6800,6940,7250,7560,7730,7190,7390
1968,6650,7080,6310,7220,7500,6800,6940,7250,7590,7730,7190,7390
1968,6650,7080,6710,7450,7450,6510,6940,7250,7530,7700,7190,7390
1968,6650,7360,6710,7450,7450,6510,6940,7250,7560,7500,7190,7390
1968,6680,7360,6710,7390,7450,6510,7160,7250,7560,7500,7190,7390
1968,6630,7360,6710,7390,7450,6510,7160,7250,7530,7500,7190,7530
1968,6650,7080,6710,7390,7450,6680,7160,7250,7530,7500,7190,7530
1968,6940,7080,6290,7390,7450,6680,7160,7250,7530,7500,7140,7930
1968,6940,7080,6290,7390,7450,6680,7160,7500,7530,7500,7140,7930
1968,6940,7080,6880,7390,6880,6680,7160,7500,7530,7500,7140,7930
1968,6940,7080,6880,7390,6880,6680,7160,7500,7530,7420,7140,7930
1968,7080,7050,6880,7420,6880,6680,7250,7500,7560,7420,7140,7930
1968,7080,7080,6880,7420,6880,6680,7250,7500,7730,7420,7140,7530
1968,7080,7080,6880,7420,6880,6680,7280,7500,7730,7420,7140,7530
1968,7080,7080,6260,7420,6880,6680,7250,7500,7730,7420,7140,7930
1968,7080,7080,6260,7420,6880,6680,7250,7480,7730,7420,7140,7080
1968,7080,7080,6850,7420,6630,6680,7250,7480,7730,7420,7140,7080
1968,7080,7080,6850,7420,6630,6680,7250,7480,7730,7310,7140,7080
1968,6510,7080,6850,7500,6630,6680,7220,7480,7730,7310,7140,6510
1968,6510,7080,6850,7500,6630,6680,7220,7480,7760,7310,7140,5950
1968,6510,7080,6850,7500,6630,6800,7220,7480,7760,7310,7140,5950
1968,6800,7080,6310,7500,6630,6800,7220,7480,7760,7310,7250,6740
1968,6800,6510,6310,7500,6630,6800,7220,7480,7760,7310,7250,6740
1968,7080,6510,6910,7500,6680,6800,7220,7480,7760,7310,7250,6740
1968,6510,6910,6910,7500,6680,6800,7220,7480,7760,7250,7250,6740
1968,6510,6910,6910,7500,6680,6850,7250,7480,7760,6680,7250,6740
1968,6510,6910,6910,7500,6680,6850,7250,7480,7730,7390,7250,5950
1968,6510,6910,6910,7500,6680,6940,7250,7480,7730,7360,7250,5950
1968,6800,,6990,7500,6680,6940,7250,7480,7730,7360,7390,6740
1968,6800,,6990,,6680,,7250,7560,,7360,,6740
1969,6740,6800,6940,7450,7730,8040,8470,8300,8130,7480,6910,7250
1969,6740,6800,6940,7450,7730,8040,8470,8440,8130,7480,6910,7330
1969,6740,7190,7330,7450,7840,8040,8470,8440,8130,7480,6910,7330
1969,5950,7190,7330,7450,7840,8040,8470,8440,8130,7310,6910,7280
1969,5950,7190,7330,7310,7840,8040,8470,8440,8130,7310,6910,7250
1969,6740,7190,7330,7310,7840,8040,8470,8440,8010,7310,6910,7020
1969,6740,7190,7330,7310,7840,8180,8470,8440,8010,7310,6910,7020
1969,6740,6800,6940,7330,7840,8180,8470,8440,8010,7310,6970,7140
1969,6740,6800,6940,7310,7840,8180,8470,8410,8010,7310,6970,7140
1969,6740,7190,7330,7310,7730,8180,8470,8410,8010,7310,6970,7080
1969,5950,7190,7330,7310,7730,8180,8470,8410,8010,7190,6970,7020
1969,5950,7190,7330,7480,7730,8180,8410,8410,8010,7190,6970,7020
1969,6740,7190,7330,7480,7730,8180,8410,8410,7870,7190,6970,6370
1969,6740,7190,7330,7480,7730,8270,8410,8410,7870,7190,6990,6370
1969,6740,6940,7080,7480,7730,8270,8410,8410,7870,7190,7020,7160
1969,6740,6940,7080,7480,7730,8270,8410,8300,7870,7190,7020,7160
1969,6740,7330,7280,7480,7730,8270,8440,8300,7870,7190,7020,7160
1969,6400,7330,7280,7480,7730,8270,8380,8300,7870,7050,7020,7160
1969,6400,7330,7280,7530,7730,8270,8440,8300,7870,7050,7020,7160
1969,6800,7330,7280,7530,7730,8270,8440,8300,7700,7050,7020,6510
1969,6800,7330,7280,7530,7730,8350,8440,8300,7700,7050,7020,6510
1969,6800,6940,7140,7530,7730,8350,8440,8300,7700,7050,7140,7310
1969,6800,6940,7140,7530,7730,8350,8440,8300,7700,7050,7140,6800
1969,6800,7330,7310,7530,7900,8350,8440,8300,7700,7050,7140,6510
1969,6910,7330,7310,7530,7900,8350,8440,8300,7700,7250,7140,6510
1969,6910,7330,7310,7730,7900,8350,8300,8300,7700,7250,7140,6510
1969,6910,7330,7310,7730,7900,8350,8300,8300,7480,7250,7140,6510
1969,6910,7330,7330,7730,7900,8470,8300,8300,7480,7250,7140,6510
1969,6910,,7080,7730,7900,8470,8300,8300,7480,7250,7160,6510
1969,6910,,7080,7730,7900,8470,8300,8130,7480,7250,7160,6510
1969,6910,,7480,,8040,,8300,8130,,7250,,6510
1970,6510,6230,6430,6600,6880,7140,6940,7500,7390,7360,7420,7700
1970,6260,6630,6820,6600,7050,7140,6940,7500,7390,7360,7420,7700
1970,5660,6630,6820,6600,7050,7140,6940,7500,7390,7450,7420,7700
1970,5660,6630,6820,6680,7050,7140,7160,7500,7390,7450,7420,7700
1970,6290,6630,6820,5950,7050,7140,7160,7500,7280,7450,7420,7790
1970,6460,6630,6820,6680,7050,7140,7160,7500,7280,7450,7420,7790
1970,6460,6680,6460,6680,7050,7140,7160,7500,7280,7450,7480,7790
1970,6510,6680,6460,6680,7050,7140,7160,7590,7280,7450,7480,7790
1970,6710,6680,6850,6680,7050,7140,7160,7590,7280,7450,7480,7790
1970,6230,6680,6850,6680,7050,7140,7160,7590,7280,7420,7480,7820
1970,6230,6680,6850,6230,7050,7140,7220,7590,7280,7420,7480,7790
1970,6630,6680,6850,6230,7050,7140,7220,7590,7310,7420,7480,7930
1970,6630,6680,6880,6800,7050,7020,7250,7590,7310,7420,7480,7930
1970,6630,6800,6090,6800,7050,7020,7220,7590,7310,7420,7420,7930
1970,6650,6800,6090,6800,7050,7020,7220,7500,7310,7420,7420,7930
1970,6630,6800,6880,6800,6970,7020,7220,7500,7310,7420,7420,7930
1970,6260,6800,6910,6800,6970,7020,7220,7500,7310,7480,7420,7930
1970,6260,6800,6880,6770,6970,7020,7280,7500,7310,7480,7450,7930
1970,6650,6800,6880,6770,6970,7020,7280,7500,7280,7480,7420,7220
1970,6650,6800,6880,6770,6970,7020,7280,7500,7280,7480,7420,7220
1970,6650,6370,5950,6770,6990,7020,7280,7500,7280,7480,7560,7220
1970,6650,6200,5950,6770,6940,7020,7280,7480,7280,7480,7560,6510
1970,6650,6770,6740,6770,7140,7020,7280,7480,7280,7480,7560,6510
1970,6230,6770,6740,6770,7140,7020,7280,7480,7280,7420,7560,6510
1970,6230,6770,6740,6880,7140,7020,7500,7480,7280,7450,7560,6510
1970,6630,6770,6740,6850,7140,7020,7500,7480,7360,7420,7560,5950
1970,6630,6770,6740,6880,7140,6940,7500,7480,7360,7420,7560,5950
1970,6630,6430,6600,6880,7140,6940,7500,7480,7360,7420,7700,6740
1970,6630,,6600,6880,7140,6940,7500,7390,7360,7420,7700,6740
1970,6630,,6600,6880,7140,6940,7500,7390,7360,7420,7700,6740
1970,6230,,6600,,7140,,7500,7390,,7420,,6740
1971,6230,6910,7080,7670,8040,8040,7530,7390,7250,7500,7280,6600
1971,6230,6910,7080,7650,8040,8040,7310,7390,7250,7420,7280,6600
1971,6230,6910,7080,7930,8040,8040,7160,7390,7250,7420,7280,6600
1971,6740,6910,7080,7930,8040,8040,7190,7390,7480,7420,7280,6540
1971,6740,6910,7080,7930,8040,7960,7190,7390,7480,7420,7280,6540
1971,6740,6940,7390,7930,8040,7960,7190,7420,7480,7420,7250,6540
1971,6740,6940,7390,7930,8040,7960,7190,7390,7480,7420,7250,6540
1971,6740,6940,7390,7930,8040,7960,7450,7390,7480,7420,7250,6540
1971,6230,6940,7390,7930,8040,7960,7530,7390,7480,7360,7250,6540
1971,6230,6940,7390,7670,8040,7960,7590,7390,7480,7360,7250,6540
1971,6740,6940,7390,7670,8040,7960,7590,7390,7480,7360,7250,6540
1971,6740,6940,7390,7670,8040,7790,7590,7390,7480,7360,7250,6540
1971,6740,7080,7480,7670,8040,7790,7590,7390,7480,7360,7080,6540
1971,6740,7080,7480,6800,8040,7790,7590,7330,7480,7360,7080,6540
1971,6740,7080,7480,6800,8130,7790,7590,7330,7480,7360,7080,6510
1971,6510,7080,7480,6800,8130,7790,7590,7330,7480,7250,7080,6540
1971,6510,7080,7480,7080,8130,7790,7390,7330,7480,7250,7080,6540
1971,6910,7080,7480,7360,8130,7790,7390,7330,7480,7250,7080,6820
1971,6910,7080,7480,7840,8130,7590,7390,7330,7480,7250,7080,6820
1971,6910,7080,7560,7840,8130,7480,7390,7330,7480,7250,6710,6820
1971,6910,7080,7560,7840,8130,7280,7390,7220,7480,7250,6710,6820
1971,6910,7080,7560,7840,8100,7280,7390,7220,7480,7250,6710,6820
1971,6510,7080,7560,7840,8100,7280,7390,7220,7480,7250,6710,6820
1971,6510,7080,7560,7840,8100,7280,7330,7220,7480,7250,6710,6820
1971,6910,7080,7560,7840,8100,7280,7330,7220,7500,7250,6710,6850
1971,6910,7080,7560,7840,8100,7480,7330,7220,7500,7250,6710,6850
1971,6910,7080,7650,7840,8100,7620,7330,7220,7500,7250,6600,6850
1971,6910,7080,7650,7840,8100,7530,7330,7250,7500,7250,6600,6850
1971,6910,,7650,7840,8040,7530,7330,7250,7500,7250,6600,6510
1971,6510,,7650,7840,8040,7530,7330,7250,7500,7280,6600,6510
1971,6510,,7620,,8040,,7390,7250,,7280,,6510
1972,5660,6740,6770,7360,8040,8330,8780,8780,8780,8780,8270,8350
1972,5660,6740,6970,7930,8040,8330,8780,8780,8780,8780,8270,8350
1972,6460,6740,6970,7930,8040,8350,8780,8780,8780,8780,8270,8350
1972,6460,6740,6510,7930,8040,8350,8810,8810,8670,8780,8300,8350
1972,6460,5950,6510,8210,8040,8350,8780,8780,8780,8780,8300,8350
1972,6460,5950,6910,8240,8180,8330,8780,8780,8780,8780,8300,8350
1972,6460,6740,6910,8210,8180,8410,8780,8780,8810,8780,8300,8350
1972,5660,6630,6910,7450,8180,8350,8780,8780,8830,8780,8300,8350
1972,5660,6460,6910,7450,8180,8350,8780,8780,8780,8780,8300,8380
1972,6460,6460,6910,7450,8180,8330,8810,8780,8780,8810,8300,8380
1972,6460,5660,7080,7420,8180,8330,8780,8780,8780,8780,8350,8380
1972,6460,5660,7080,7650,8180,8330,8780,8780,8780,8780,8350,8380
1972,6460,5660,7080,6800,8270,8330,8780,8780,8780,8780,8350,8380
1972,6460,6460,7080,6800,8270,8330,8780,8780,8810,8500,8350,8410
1972,5660,6800,7080,7620,8270,8330,8780,8780,8750,8500,8350,8380
1972,5660,6800,7080,7620,8270,8330,8780,8780,8810,8440,8350,8380
1972,6460,6940,7080,7620,8270,8500,8780,8780,8780,8550,8380,8180
1972,6460,6940,7280,7620,8270,8500,8780,8780,8780,8500,8240,6940
1972,6460,6510,7280,7620,8270,8500,8780,8780,8750,8500,8240,6510
1972,6460,6510,7280,7620,8330,8500,8780,8780,8780,8500,8210,6570
1972,6460,6800,7360,7620,8330,8500,8780,8780,8810,8380,8270,6540
1972,5950,6800,7500,7900,8330,8500,8750,8780,8750,8380,8240,6510
1972,5950,6800,7500,7900,8330,8750,8780,8780,8780,8380,8240,6510
1972,6740,6800,7500,7900,8330,8780,8780,8780,8810,8380,8240,6510
1972,6740,6800,7500,7900,8330,8780,8780,8780,8780,8380,8350,6510
1972,6740,6370,7500,7900,8330,8780,8780,8780,8780,8380,8350,6510
1972,6740,6370,7500,7900,8330,8780,8780,8780,8780,8380,8350,6650
1972,6740,6770,7790,7900,8330,8780,8780,8780,8810,8270,8350,7080
1972,5950,6770,7790,8040,8330,8780,8780,8780,8780,8270,8350,7250
1972,5950,,7790,8040,8330,8780,8780,8780,8780,8270,8350,7360
1972,6740,,7840,,8330,,8780,8780,,8270,,7360
1973,7360,6510,8350,8950,9400,9770,9910,9910,9000,8780,8500,8160
1973,7360,6510,8350,8950,9400,9910,9910,9910,9000,8780,8500,8160
1973,7360,6800,8500,8950,9400,9910,9910,9940,9000,8780,8500,8160
1973,7360,6800,8500,8950,9400,9910,9910,9510,9000,8780,8500,8160
1973,7650,7080,8500,8950,9430,9910,9910,9490,9000,8780,8500,8160
1973,7650,7650,8500,8950,9430,9910,9910,9490,9000,8780,8500,8160
1973,7080,7650,8500,9030,9430,9910,9910,9490,9000,8780,8500,8160
1973,6570,7930,8500,9030,9430,9910,9910,9490,8780,8780,8500,8130
1973,6570,7930,8240,9030,9430,9910,9910,9490,8780,8810,8500,8130
1973,6510,8210,8210,9030,9430,9910,9880,9490,8780,8780,8350,8130
1973,6510,8210,8210,9030,9430,9910,9940,9060,9060,8780,8350,8130
1973,6510,8210,8210,9030,9460,9910,9910,9060,9060,8780,8350,8130
1973,6800,8210,8210,9030,9460,9910,9910,9060,9060,8780,8350,8130
1973,6800,8240,8210,9340,9460,9910,9910,9060,9060,8780,8350,8130
1973,6800,8210,8210,9340,9460,9910,9910,9060,9060,8780,8350,8130
1973,7080,8210,8240,9340,9460,9910,9910,9060,9060,8780,8240,8160
1973,7220,8210,8410,9340,9490,9910,9910,9060,9060,8780,8180,8040
1973,7650,8210,8440,9340,9460,9910,9910,8980,9060,8780,8270,7930
1973,7650,8210,8440,9340,9630,9910,9910,8980,9060,8780,8270,7310
1973,7080,8210,8410,9370,9490,9910,9910,8980,9060,8640,8270,7020
1973,7080,8210,8410,9370,9490,9910,9940,8980,9060,8640,8070,6990
1973,7080,8210,8410,9370,9630,9910,9880,8980,8920,8640,8100,7050
1973,7080,8210,8410,9370,9630,9910,9910,8980,8920,8640,8270,6770
1973,7080,8210,8780,9370,9630,9910,9910,8980,8920,8640,8160,6540
1973,7220,8210,8780,9370,9630,9910,9910,8780,8920,8640,8160,6540
1973,7650,8210,8810,9370,9770,9910,9910,8780,8920,8640,8160,6510
1973,7790,8350,8810,9370,9770,9910,9910,8780,8920,8500,8160,6510
1973,7990,8350,8780,9400,9770,9910,9910,8780,8920,8500,8160,6510
1973,7080,,8780,9400,9770,9910,9910,8780,8780,8240,8160,6510
1973,6740,,8780,9400,9770,9910,9880,8780,8780,7930,8160,6510
1973,6600,,8950,,9740,,9910,8780,,8210,,6510
1974,6510,6230,8210,8780,8780,8920,9340,9630,9060,8810,8210,7960
1974,6510,6800,8500,8780,8780,8920,9340,9630,9060,8750,8010,7960
1974,6510,6800,8500,8780,8780,9000,9340,9630,9060,8780,8010,7480
1974,6800,6800,8500,8780,8780,9060,9340,9630,9060,8780,8010,7840
1974,6800,6800,8500,8780,8780,9060,9340,9630,9060,8780,7900,7960
1974,6770,6800,8500,8720,8780,9060,9430,9630,9060,8780,7730,7960
1974,6800,6800,8500,8720,8780,9060,9430,9630,8920,8780,7820,7760
1974,6800,7080,8500,8720,8780,9340,9400,9660,8920,8780,7960,7760
1974,6740,7360,8300,8720,8780,9340,9430,9600,8920,8780,7960,7760
1974,6460,7360,8300,8720,8780,9340,9430,9490,8920,8780,7960,7760
1974,6170,7360,8300,8720,8780,9340,9430,9490,8920,8780,7820,7760
1974,5800,7650,8300,8720,8780,9340,9430,9490,8920,8640,7670,7760
1974,5800,7650,8300,8780,8780,9340,9540,9490,8920,8640,7760,7760
1974,6230,7650,8300,8780,8780,9340,9570,9490,8920,8640,7870,7930
1974,6600,7650,8300,8780,8780,9340,9540,9490,8920,8640,7960,7900
1974,6850,7650,8500,8780,8780,9320,9540,9490,8920,8640,7730,7730
1974,6940,7650,8500,8780,8780,9340,9540,9200,8950,8640,7730,7930
1974,6940,7650,8500,8780,8780,9340,9540,9200,8920,8640,7730,7930
1974,6940,7650,8500,8780,8780,9340,9540,9200,8920,8500,7760,7930
1974,6940,7930,8500,8780,8640,9340,9630,9200,8950,8500,7730,7930
1974,7020,7930,8780,8780,8500,9340,9630,9170,8780,8500,7730,8210
1974,7080,7930,8780,8780,8500,9340,9630,9200,8780,8500,7730,8210
1974,7220,8210,8780,8780,8500,9340,9660,9200,8750,8500,7790,8210
1974,7360,8210,8780,8780,8500,9340,9630,9060,8810,8500,7790,8210
1974,7360,8210,8780,8780,8500,9340,9630,9060,8780,8500,7790,8210
1974,7360,8210,8780,8780,8500,9340,9630,9060,8780,8350,7790,8210
1974,7360,8210,8780,8780,8640,9340,9630,9060,8780,8350,7790,8210
1974,7360,8210,8780,8780,8780,9340,9630,9060,8780,8350,7790,8210
1974,7360,,8780,8780,8780,9340,9600,9060,8780,8300,7790,8210
1974,7140,,8780,8780,8780,9340,9630,9060,8780,8210,7960,8210
1974,6230,,8780,,8920,,9630,9060,,8210,,8210
1975,8210,6510,7930,8500,8410,8720,8470,8160,7960,7990,8240,8040
1975,8210,6510,7930,8500,8410,8720,8470,8100,7960,7990,8240,8040
1975,8210,6510,7930,8470,8410,8720,8470,8100,7960,7990,8240,8040
1975,8210,6510,7930,8500,8410,8720,8470,8100,7960,8180,8240,8040
1975,8210,6510,7930,8500,8410,8720,8270,8100,7960,8180,8240,8040
1975,8210,6510,7930,8520,8410,8720,8270,8100,8010,8180,8240,7990
1975,7790,6510,7930,8500,8410,8720,8270,8100,8010,8180,8240,7960
1975,7650,6800,8210,8500,8410,8720,8270,8100,8010,8180,8070,7960
1975,7650,6800,8210,8500,8410,8720,8270,8070,8010,8180,8240,7960
1975,7650,6800,8210,8500,8780,8720,8270,8070,8010,8180,8160,7960
1975,7650,6800,8210,8500,8780,8720,8270,8070,8010,8100,8160,7960
1975,7650,7080,8210,8780,8780,8720,8210,8070,8010,8100,8180,7960
1975,7790,7080,8210,8780,8780,8720,8210,8070,7960,8100,8160,7990
1975,8210,7080,8210,8780,8780,8750,8210,8070,7960,8100,8160,7990
1975,8070,7360,8210,8780,8780,8750,8210,8070,7960,8100,8160,7990
1975,7500,7360,8210,8780,8780,8750,8210,8010,7960,8100,8160,7990
1975,6940,7360,8210,8780,8780,8750,8210,8010,7960,8100,8160,7990
1975,6510,7360,8210,8610,8780,8750,8210,8010,7960,8240,8160,7990
1975,6510,7360,8240,8610,8780,8750,8070,8010,7960,8240,8160,7670
1975,6510,7360,8210,8610,8780,8750,8070,8010,7930,8240,8160,6510
1975,6510,7360,8210,8640,8780,8780,8070,8010,7930,8240,8160,6510
1975,6510,7480,8210,8610,8780,8780,8070,8010,7930,8240,8070,6510
1975,6510,7480,8210,8610,8780,8780,8070,7870,7930,8240,8070,6510
1975,6510,7480,8210,8610,8750,8780,8070,7870,7930,8240,8070,6510
1975,6510,7480,8210,8470,8750,8780,8070,7870,7930,8300,7900,6510
1975,6510,7480,8210,8040,8750,8780,8160,7870,7930,8300,7930,6510
1975,6510,7480,8210,8040,8750,8780,8160,7870,7990,8300,8070,6510
1975,6510,7480,8210,8180,8750,8470,8160,7870,7990,8300,8100,6510
1975,6510,,8500,8410,8750,8470,8160,7870,7990,8300,8040,6510
1975,6510,,8520,8410,8750,8470,8160,7960,7990,8300,8040,6800
1975,6510,,8500,,8720,,8160,7960,,8300,,7360
1976,7650,7080,7930,8500,9200,9630,9940,9630,8950,8670,8440,8070
1976,7650,7080,7930,7990,9200,9630,9910,9660,8950,8670,8440,8070
1976,7650,7110,7590,7790,9200,9630,9910,9630,8950,8670,8440,8070
1976,7650,7220,7360,7790,9200,9710,9940,9630,8860,8690,8440,7220
1976,7650,7220,7360,7790,9200,9770,9910,9630,8860,8670,8440,6510
1976,7650,7220,7500,7790,9200,9770,9910,9630,8860,8670,8500,6710
1976,7650,6940,7790,7870,9200,9850,9910,9340,8860,8670,8500,7190
1976,7650,6940,7930,7930,9490,9880,9910,9340,8830,8670,8500,7560
1976,7650,7220,7930,8160,9510,9910,9880,9340,8860,8520,8500,6510
1976,7650,7360,8070,8270,9490,9910,9940,9340,8860,8520,8500,6680
1976,7020,7360,8210,8440,9490,9910,9910,9340,8750,8550,8500,6820
1976,6230,7360,8210,8640,9490,9910,9910,9340,8750,8520,8500,6800
1976,5950,7360,8210,8780,9490,9910,9910,9370,8750,8520,8500,6800
1976,5950,7360,8210,8980,9490,9910,9910,9090,8750,8520,8470,6800
1976,6090,7360,8210,8980,9490,9910,9910,9090,8750,8520,8470,6800
1976,6340,7420,8210,8980,9490,9910,9910,9090,8750,8500,8470,6800
1976,6510,7500,8240,9060,9490,9940,9910,9090,8750,8500,8470,6800
1976,6510,7500,8240,9060,9510,9880,9910,9090,8670,8500,8470,6800
1976,6800,7500,8210,9060,9490,9940,9910,9090,8670,8500,8470,6800
1976,6800,7500,8500,9090,9490,9910,9910,9090,8670,8500,8380,6800
1976,6800,7500,8500,9060,9150,9910,9880,9060,8670,8500,8380,6800
1976,6910,7500,8520,9060,8780,9970,9910,9060,8670,8500,8380,6800
1976,6970,7500,8500,9060,8780,9850,9910,9060,8670,8470,8380,6740
1976,6650,7500,8520,9060,8780,9940,9910,9060,8670,8470,8380,6200
1976,6650,7500,8500,9060,8780,9910,9910,9060,8670,8470,8380,6230
1976,6740,7650,8520,9060,8860,9910,9910,9060,8670,8470,8380,6230
1976,7020,7650,8670,9060,9120,9910,9910,9060,8640,8500,8070,6230
1976,7080,7670,8670,9060,9430,9880,9910,8950,8610,8470,8100,6140
1976,7080,7930,8670,9060,9630,9940,9910,8950,8670,8470,8070,5950
1976,7080,,8670,9060,9630,9910,9910,8950,8670,8440,8070,5860
1976,7080,,8670,,9630,,9630,8950,,8440,,6230
1977,6230,6570,6460,7530,8010,7870,6880,7140,7530,8380,7990,8470
1977,6230,6090,6460,7500,8010,7840,6880,7140,7530,8380,8440,8470
1977,6370,6090,6600,7500,8010,7620,6880,7140,7670,8440,8410,8410
1977,6510,6090,6600,7500,8010,7700,6880,7140,7670,8520,8470,8410
1977,6510,5660,5950,7590,8010,7730,6880,7140,7670,8520,8410,8410
1977,6510,5660,5950,7700,8010,7480,6880,7190,7670,8520,8410,8380
1977,6510,6170,6740,7700,7990,7820,6880,7190,7670,8520,8180,8440
1977,6230,6090,6740,7700,7990,7790,6880,7190,7670,8640,8100,8410
1977,6230,6090,6740,7840,7990,7700,7050,7190,7670,8640,8330,8410
1977,6650,6090,6740,7840,7990,7700,7050,7190,7760,8640,8330,8410
1977,6200,6090,6740,7840,7990,7530,7050,7190,7760,8610,8410,7080
1977,6230,5660,7020,7840,7990,7500,7050,7190,7760,8580,8410,6510
1977,6230,5660,7020,7840,7990,7500,7050,7420,7760,8550,8410,6540
1977,6230,6260,7020,7840,7930,7500,7050,7420,7760,8580,8410,6480
1977,5660,6290,7020,7840,7930,7500,7050,7420,7760,8520,8410,6510
1977,5660,6260,7020,7930,7930,7500,7140,7420,7790,8520,8410,6510
1977,6650,6260,7020,7930,7930,7500,7140,7420,7840,8520,8410,6510
1977,6460,6260,7020,7930,7930,7360,7140,7420,7840,8520,8410,6510
1977,6460,5660,7310,7930,7930,7360,7140,7420,7840,8520,8440,6510
1977,6460,5660,7310,7930,7930,7360,7140,7480,7840,8520,8440,6510
1977,6460,6400,7310,7930,7900,7360,7140,7480,7840,8520,8440,6480
1977,5660,6400,7330,7930,7900,7360,7140,7480,7840,8500,8440,6510
1977,5660,6400,7330,7840,7900,7360,7190,7480,7840,8500,8440,6540
1977,6460,6400,7310,7840,7900,7360,7190,7480,8130,8500,8440,6600
1977,6460,6400,7310,7840,7900,7080,7190,7480,8130,8500,8440,6600
1977,6460,5660,7500,7840,7900,7080,7190,7480,8130,8500,8440,6600
1977,6460,5660,7500,7840,7900,6990,7190,7530,8130,8500,8500,6600
1977,6460,6460,7500,7840,7790,6880,7190,7530,8130,7990,8470,6740
1977,5800,,7500,7840,7790,6880,7190,7530,8130,8440,8470,7450
1977,5800,,7500,8010,7790,6880,7140,7530,8130,8440,8470,7700
1977,6600,,7500,,7790,,7140,7530,,7930,,7930
1978,7930,7840,8350,9090,8810,8860,8610,7990,7870,7620,7310,6650
1978,7930,7900,8350,9090,8810,8860,8640,7990,7820,7620,7310,6650
1978,7930,7840,8350,8270,8810,8860,8610,7990,7820,7620,7310,6650
1978,7840,7840,8350,7930,8810,8860,8610,7990,7820,7620,7250,6650
1978,7500,7900,8440,7930,8810,8860,8610,7840,7820,7620,7250,6650
1978,7960,7930,8500,7930,8860,8860,8610,7840,7820,7620,7250,6650
1978,6430,7760,8500,7930,8860,8860,8610,7840,7820,7530,7250,6650
1978,5950,7820,8500,7930,8860,8860,8300,7840,7790,7500,7250,6650
1978,5950,7930,8440,7930,8860,8860,8300,7840,7730,7530,7250,6540
1978,6090,7930,8350,7900,8860,8690,8330,7840,7730,7530,7250,6540
1978,6480,7930,8350,7960,8860,8690,8270,7840,7730,7530,7160,6540
1978,6650,8010,8350,7930,8860,8690,8300,7870,7730,7530,7160,6540
1978,6650,8070,8350,7930,8860,8690,8300,7870,7730,7560,7160,6540
1978,5950,7990,8270,7930,8860,8690,8300,7870,7730,7420,7160,6540
1978,6140,8010,8210,8210,8860,8690,8130,7870,7730,7420,7160,6540
1978,6630,8070,8210,8210,8890,8690,8130,7870,7730,7420,7160,6430
1978,7080,8070,8210,8240,8890,8690,8130,7870,7730,7420,7160,6370
1978,7080,8070,8210,8350,8950,8690,8130,7870,7730,7420,7160,6400
1978,6940,8070,8210,8410,8950,8690,8130,7870,7730,7420,7190,6400
1978,6940,8160,8240,8410,9060,8690,8130,7870,7730,7420,6970,6000
1978,6940,8210,8210,8160,9060,8690,8130,7870,7730,7360,6800,5660
1978,6970,8300,8210,8160,9060,8690,7960,7870,7730,7360,6800,5660
1978,7140,8350,8350,8300,9060,8690,7960,7870,7760,7360,6800,5660
1978,7220,8350,8520,8440,9060,8610,7960,7870,7760,7360,6800,5660
1978,7220,8350,8670,8640,9060,8610,7960,7870,7760,7360,6650,6090
1978,7220,8350,8780,8720,9060,8610,7960,7870,7760,7360,6650,6680
1978,7310,8350,8810,8750,8860,8610,7960,7870,7760,7390,6650,6680
1978,7500,8350,8950,8810,8860,8610,7960,7870,7760,7310,6650,6680
1978,7670,,9090,8810,8860,8610,7990,7870,7760,7310,6650,6680
1978,7870,,9060,8810,8830,8610,7990,7870,7620,7310,6650,5660
1978,7900,,9090,,8920,,7990,7870,,7310,,5660
1979,6460,6650,7080,7760,8040,8500,8070,7700,7930,8160,8380,8040
1979,6460,6650,7080,7760,7870,8520,8070,7700,7930,8180,8380,8040
1979,6460,7140,7080,7590,7760,8500,8070,7730,7930,8160,8300,8040
1979,6460,7140,7140,7480,7760,8500,8070,7790,7930,8160,8300,8040
1979,6460,7140,7280,7760,7760,8500,8070,7790,7930,8160,8300,8040
1979,6230,7140,7420,7760,7760,8500,8070,7790,7930,8160,8300,8040
1979,6230,7140,7480,7840,7760,8500,8010,7790,7930,8160,8300,8040
1979,6310,7140,7480,7990,7760,8500,8010,7790,7930,8160,8300,8040
1979,6480,7140,7480,7990,7760,8500,8010,7790,7930,8160,8300,8040
1979,5950,7140,7790,7990,7760,8500,8010,7790,7930,8160,8160,8070
1979,5950,7140,7790,7990,7870,8500,8010,7820,7930,8160,8160,8040
1979,5950,7140,7790,7990,8010,8500,8010,7820,7930,8160,8160,8040
1979,5660,7140,7790,7990,8160,8500,8010,7820,7930,8330,8160,8040
1979,5660,7140,7790,8180,8330,8500,7900,7820,7930,8330,8160,8040
1979,6460,7140,7790,8180,8440,8520,7900,7820,7870,8330,8160,8040
1979,6460,6990,7790,8180,8500,8350,7900,7820,7870,8330,8160,8040
1979,6460,6880,7790,8180,8520,8350,7900,7820,7870,8330,8100,8040
1979,6400,6880,7790,8180,8500,8350,7900,7790,7870,8330,8100,8040
1979,6090,6880,7790,8180,8500,8350,7900,7760,7870,8330,8100,8040
1979,6090,6880,7790,8180,8500,8350,7900,7760,7870,8330,8100,7560
1979,6090,6880,7790,8270,8500,8350,7790,7760,7870,8330,8100,8040
1979,6230,6880,7790,8270,8500,8380,7790,7760,8240,8330,8100,8210
1979,6230,7080,7790,8270,8500,8210,7790,7760,8240,8330,8100,8500
1979,6230,7080,7790,8270,8500,8210,7790,7760,8240,8330,7990,8500
1979,6230,7080,7790,8270,8500,8240,7790,7760,8240,8330,7990,8500
1979,6230,7080,7790,8270,8500,8210,7790,7760,8240,8350,7990,8500
1979,6370,7080,7820,8270,8500,8210,7790,7760,8240,8380,7990,8500
1979,6370,7080,7790,8240,8500,8210,7700,7760,8240,8380,7960,8500
1979,6370,,7820,8040,8500,8210,7700,7760,8180,8380,7990,8500
1979,6650,,7820,8040,8500,8070,7700,7760,8160,8380,7990,8500
1979,6650,,7760,,8500,,7700,7790,,8380,,8640
1980,8780,6230,7360,7530,8470,8350,8180,8160,8520,8380,8010,7790
1980,8780,6230,7360,7530,8470,8350,8210,8160,8520,8380,8010,7790
1980,8780,6230,7360,7530,8550,8350,8180,8160,8520,8380,8010,7790
1980,8780,6340,7360,7530,8550,8350,8180,8160,8520,8210,8010,7820
1980,8780,6510,7360,7560,8550,8350,8160,8160,8520,8210,8010,7790
1980,8780,6800,7360,7560,8550,8350,8160,8160,8640,8210,8010,7930
1980,8780,6800,7360,7560,8550,8300,8160,8160,8640,8210,8040,7930
1980,8210,6940,7220,7560,8550,7820,8160,8160,8640,8210,7960,7900
1980,7900,7080,7220,7560,8550,8300,8180,8240,8640,8210,7960,7960
1980,7110,7080,7220,7560,8550,8300,8160,8240,8640,8210,7960,7930
1980,6800,7220,7220,7560,8550,8300,8160,8240,8640,8160,7960,7930
1980,6800,7360,7220,7790,8550,8300,8160,8240,8670,8160,7960,7930
1980,6800,7360,7220,7790,8550,8330,8160,8240,8580,8160,7960,7900
1980,6800,7360,7220,7790,8550,8330,8160,8240,8580,8160,7960,7900
1980,6800,7360,7220,7790,8520,8330,8160,8240,8580,8160,7900,7650
1980,6800,7500,7220,7790,8580,8300,8160,8410,8580,8160,7900,6680
1980,6800,7500,7220,7790,8270,8240,8180,8410,8580,8160,7900,6510
1980,6800,7500,7220,7790,8270,8210,8160,8410,8580,8010,7900,6510
1980,6230,7500,7220,7990,8270,8210,8070,8410,8580,8010,7900,6510
1980,6230,7500,7220,7990,8270,8210,8070,8410,8470,8010,7900,6510
1980,6540,7500,7220,8070,8270,8180,8070,8410,8470,8010,7900,6510
1980,6800,7500,7250,7990,8270,8160,8070,8410,8500,8010,7840,6510
1980,6800,7500,7250,8240,8270,8160,8070,8410,8470,8010,7840,6800
1980,6800,7500,7280,7530,8130,8160,8070,8410,8470,8010,7840,7080
1980,6710,7500,6970,8210,8130,8160,8070,8410,8470,7930,7840,7080
1980,6230,7500,6680,8470,8130,8160,8160,8410,8470,7650,7840,6370
1980,6230,7500,6680,8470,8130,8160,8160,8410,8380,7990,7840,5950
1980,6230,7500,6680,8470,8130,8180,8160,8410,8380,8010,7840,5950
1980,6230,7500,6680,8470,8130,8180,8160,8410,8380,8040,7790,5950
1980,6230,,6680,8470,8130,8180,8160,8520,8380,8040,7790,5950
1980,6230,,7020,,8350,,8160,8520,,8040,,5950
1981,5950,6800,6800,7500,7020,7110,7310,7530,8100,8550,8500,8410
1981,6030,6800,7140,7500,7050,7110,7310,7530,8100,8550,8410,8410
1981,6230,6800,7360,7500,7050,7110,7310,7700,8100,8520,8500,8410
1981,6370,6800,7360,7700,7050,7110,7390,7730,8100,8520,8330,8410
1981,6800,6800,7360,7700,7050,7110,7390,7730,8180,8520,8410,8380
1981,6510,6800,7360,7700,7050,7140,7390,7730,8180,8520,8440,8380
1981,6510,6910,7560,7700,7050,7140,7390,7730,8180,8520,8410,8380
1981,6510,6910,7560,7700,7050,7140,7360,7790,8160,8520,8410,8380
1981,6800,6910,7560,7700,6940,7140,7390,7790,8180,8520,8410,8380
1981,6230,6910,7560,7700,6940,7140,7450,7790,8180,8500,8410,8380
1981,6230,6910,7560,7390,6940,7140,7420,7790,8180,8500,8410,8380
1981,7020,6910,7560,7390,6940,7140,7420,7790,8500,8500,8410,8350
1981,7020,6910,7560,7390,6940,7110,7450,7790,8500,8500,8410,8330
1981,7020,6880,7590,7390,6940,7110,7450,7790,8500,8520,8410,8330
1981,7020,6880,7590,7390,6940,7110,7450,7990,8500,8470,8410,8330
1981,7020,6880,7590,7420,6910,7110,7480,7990,8500,8500,8410,8330
1981,6800,6880,7590,7360,6910,7110,7450,7990,8500,8440,8410,8330
1981,6800,6880,7620,7160,6910,7110,7450,7990,8500,8440,8410,8330
1981,6800,6880,7590,7160,6910,7110,7450,7990,8550,8440,8410,8330
1981,6800,6880,7590,7160,6910,7190,7450,7990,8550,8440,8410,8330
1981,6800,6940,7560,7160,6910,7190,7450,7990,8500,8440,8410,8640
1981,6800,6940,7560,7160,6910,7190,7450,8070,8520,8440,8410,8640
1981,6800,6940,7560,7160,7110,7190,7450,8070,8610,8440,8410,8640
1981,6800,6940,7560,7160,7110,7190,7450,8070,8550,8410,8410,8640
1981,6800,6600,7560,7020,7110,7190,7560,8070,8550,8410,8410,8640
1981,6800,6090,7560,6990,7110,7190,7560,8070,8550,8410,8410,8780
1981,6800,6030,7560,7020,7110,7310,7560,8070,8550,8410,8410,8780
1981,6800,6570,7500,7020,7110,7310,7560,8070,8550,8410,8410,8780
1981,6800,,7500,7020,7110,7310,7560,8100,8550,8410,8410,8780
1981,6800,,7500,7020,7140,7310,7560,8100,8550,8410,8410,8780
1981,6800,,7500,,7110,,7590,8100,,8520,,8780
1982,8780,6800,7220,7140,8300,7870,8330,7990,7840,7560,7330,7730
1982,8780,6800,7220,6800,8300,7930,8330,7990,7840,7650,7330,7730
1982,8780,6800,7220,6940,8300,7960,8440,7990,7840,7650,7330,7730
1982,8780,6800,7220,7250,8300,7960,8440,7990,7730,7650,7360,7790
1982,8580,6800,7220,7620,8300,8160,8440,7990,7730,7650,7330,7790
1982,7160,6940,7110,7840,8300,8160,8440,7990,7730,7650,7450,7790
1982,6510,6940,7110,7840,8300,8010,8440,7960,7730,7650,7450,7790
1982,6510,6990,7110,7840,8270,7990,8440,7960,7730,7650,7450,7790
1982,6510,7080,7110,7840,8270,8040,8440,7960,7730,7500,7450,7790
1982,6510,7110,7110,8040,8270,8070,8270,7960,7730,7500,7450,7790
1982,6370,7080,7110,8040,8270,8070,8270,7960,7820,7500,7450,7900
1982,5950,7080,7110,8040,8270,8270,8270,7960,7820,7500,7450,7900
1982,5950,7220,7110,8040,8270,8270,8270,7960,7700,7500,7560,7900
1982,5950,7220,7110,8040,8270,8270,8270,7820,7670,7500,7560,7900
1982,5950,7220,7110,8040,8100,8270,8270,7820,7700,7500,7560,7900
1982,5950,7220,7110,8040,8100,8270,8270,7820,7670,7450,7560,7900
1982,5950,7220,7140,8380,8100,8270,8180,7820,7790,7450,7560,7900
1982,6090,7220,7140,8350,8100,8270,8180,7820,7700,7450,7560,7650
1982,6310,7220,7140,6990,8100,8350,8180,7820,7700,7450,7560,7650
1982,6510,7220,7250,6990,8100,8350,8180,7820,7700,7450,7650,7650
1982,6510,7220,7250,6990,8100,8350,8180,7730,7700,7450,7650,7650
1982,6510,7220,7250,7020,8010,8350,8180,7730,7700,7500,7650,7650
1982,6510,7220,7250,7020,8010,8350,8180,7730,7700,7450,7650,7650
1982,6510,7220,7220,7420,8010,8350,8070,7730,7700,7420,7650,7650
1982,6510,7220,7250,8270,8010,8350,8070,7730,7560,7450,7650,7220
1982,6510,7220,7250,8470,8010,8330,8070,7730,7560,7450,7650,7220
1982,6570,7220,7420,8640,8010,8330,8070,7730,7560,7450,7730,7220
1982,6800,7220,7420,8440,8010,8330,8070,7840,7560,7450,7730,7220
1982,6800,,7420,8070,8040,8330,8070,7840,7560,7480,7730,7220
1982,6800,,7420,7960,8040,8330,8070,7840,7560,7330,7730,7220
1982,6800,,7420,,7900,,7990,7840,,7310,,7220
1983,6940,6800,7620,7650,8040,8550,8240,7760,7840,7650,7760,7820
1983,6940,6800,7620,7760,8040,8550,8130,7760,7840,7650,7730,7820
1983,6940,6800,7620,7760,8040,8550,8130,7760,7930,7650,7650,7730
1983,6940,6800,7620,7760,8040,8500,8130,7760,7930,7650,7360,7730
1983,6940,6800,7590,7760,8040,8500,8130,7760,7930,7650,7670,7730
1983,6940,6800,7590,7760,7900,8500,8130,7840,7930,7650,7700,7730
1983,6940,6800,7590,7760,7670,8500,8130,7840,7930,7670,7670,7700
1983,6650,6800,7590,7760,7670,8500,8130,7840,7930,7730,7670,7760
1983,6650,6570,7590,7820,7530,8500,8070,7840,7930,7730,7360,7730
1983,6650,5950,7590,7820,7390,8500,8070,7840,7930,7730,7450,7990
1983,6650,5950,7590,7820,7390,8470,8070,7840,7930,7730,7480,7990
1983,6650,5950,7590,7820,7250,8470,8070,7840,7930,7730,7500,7760
1983,6650,5950,7590,7820,7140,8470,8070,7870,7930,7730,7530,7990
1983,6650,6090,7590,7820,7420,8470,8070,7870,7820,7730,7530,7590
1983,6650,6400,7590,7820,7670,8470,8070,7870,8010,7700,7530,7990
1983,6650,6570,7590,7820,7670,8350,8010,7870,7960,7700,7500,7990
1983,6460,6880,7590,7820,7670,8210,8010,7870,7820,7700,7530,8160
1983,6230,7250,7590,7820,7820,8300,7450,7870,7820,7700,7530,8160
1983,6230,7620,7560,7820,7870,8520,8040,7840,7820,7700,7590,8160
1983,6170,7620,7560,7820,8070,8520,8010,7790,7820,7700,7590,8160
1983,6060,7620,7560,7730,8300,8520,8010,7790,7820,7700,7670,7220
1983,6230,7620,7560,7700,8300,8520,7960,7790,7820,7560,7760,6910
1983,6230,7620,7560,7820,8300,8520,7840,7790,7820,7840,7790,6230
1983,6230,7620,7560,7820,8300,8550,7840,7790,7760,7760,7790,5660
1983,6230,7620,7560,7820,8350,8240,7840,7790,7760,7730,7790,5970
1983,6230,7620,7650,7820,8440,8240,7840,7790,7760,7730,7820,6710
1983,6230,7620,7650,7820,8440,8240,7840,7840,7760,7730,7820,7160
1983,6230,7620,7650,7840,8550,8240,7840,7840,7760,7760,7820,7160
1983,6800,,7650,7820,8550,8240,7840,7840,7760,7760,7820,7160
1983,6800,,7650,8040,8550,8240,7760,7840,7760,7760,7820,7160
1983,6800,,7650,,8550,,7760,7840,,7760,,7160
1984,7050,7360,7650,8100,8470,8750,8720,8500,8580,8010,7500,6990
1984,6230,7360,7650,8100,8610,8780,8720,8500,8580,8010,7500,7390
1984,6290,7360,7930,8130,8640,8780,8720,8500,8580,8010,7500,7420
1984,6460,7360,7930,8100,8640,8780,8720,8670,8580,8010,7500,7420
1984,6570,7360,7930,8100,8640,8780,8720,8670,8580,7960,7500,7450
1984,6680,7360,7930,8100,8640,8780,8720,8670,8580,7650,7500,7420
1984,6600,7360,7930,8010,8640,8780,8690,8670,8580,7650,7500,7450
1984,6230,7360,7930,7670,8640,8780,8670,8670,8470,7650,7500,7390
1984,6230,7360,7930,7670,8640,8780,8640,8670,8470,7650,7500,7390
1984,6230,7360,7930,7670,8640,8780,8690,8670,8470,7650,7480,7420
1984,6230,7500,7930,7670,8640,8780,8610,8610,8470,7650,7480,7390
1984,6230,7500,7930,7870,8690,8780,8670,8610,8470,7650,7480,7390
1984,6230,7500,7930,8240,8690,8780,8670,8610,8470,7650,7480,7390
1984,6510,7500,7960,8440,8690,8780,8580,8610,8470,7280,7480,7310
1984,6510,7500,7960,8440,8690,8780,8580,8610,8470,7730,7480,6970
1984,6600,7500,7960,8210,8690,8780,8580,8610,7900,7730,7480,7140
1984,6800,7500,7960,7870,8690,8780,8580,8610,8580,7730,7500,7280
1984,6800,7500,7960,7650,8690,8780,8580,8690,8580,7730,7500,7390
1984,6850,7500,7960,7310,8750,8780,8580,8690,8580,7650,7500,7390
1984,6990,7500,7960,7310,8750,8780,8580,8690,8580,7590,7500,7390
1984,7080,7500,7960,7420,8750,8780,8640,8690,8580,7590,7500,7390
1984,7080,7500,7930,7700,8750,8810,8690,8690,8410,7590,7500,7480
1984,7080,7500,7930,8010,8750,8720,8640,8690,8410,7590,7500,7450
1984,7080,7500,7930,8160,8750,8720,8830,8690,8410,7590,7330,7480
1984,7080,7650,7930,8160,8750,8720,8830,8610,8410,7590,7670,7480
1984,7080,7650,7930,8210,8750,8720,8830,8610,8410,7590,7500,7480
1984,7220,7650,7930,8300,8750,8720,8810,8610,8410,7500,7500,7480
1984,7220,7650,7930,8300,8750,8720,8500,8610,8410,7530,7500,7480
1984,7220,7650,7900,8300,8750,8720,8500,8610,7590,7500,7500,7480
1984,7220,,7930,8380,8750,8720,8500,8610,7930,7500,7500,7480
1984,7360,,8100,,8750,,8500,8610,,7500,,6800
1985,6800,6940,7480,8130,7930,8610,8640,8520,8300,7790,7820,8380
1985,6800,7080,7730,8130,7930,8610,8640,8520,8300,8410,7620,8470
1985,6800,7080,7730,8160,7930,8610,8500,8470,8300,8380,7930,8640
1985,6800,7080,7730,8160,8070,8610,8720,8470,8300,8380,7960,8610
1985,6230,7080,7730,8210,8130,8610,8690,8470,8300,8350,7760,8610
1985,6230,7080,7650,8380,8210,8610,8580,8470,8300,8350,7790,8520
1985,6230,7080,7420,8380,8210,8610,8550,8470,8380,8380,8040,8410
1985,6230,7080,7420,8380,8210,8580,8550,8470,8380,7820,8040,8470
1985,6230,7220,7500,8380,8270,8440,8550,8470,8380,8350,8180,8550
1985,6230,7220,7820,8380,8350,8610,8550,8380,8380,8350,8160,8550
1985,6230,7220,7820,8380,8380,8610,8550,8380,8380,8270,7960,8500
1985,6230,7220,7930,8380,8520,8610,8550,8380,8380,8240,7760,8470
1985,6230,7220,7930,8520,8580,8610,8640,8380,8380,8240,8010,8550
1985,6230,7220,7930,8520,8580,8610,8640,8380,8180,8240,8160,8440
1985,6230,7220,7930,8520,8610,8780,8640,8380,8500,8240,8160,8500
1985,6230,7360,7930,8520,8580,8780,8640,8380,8500,7790,8270,8580
1985,6230,7360,7930,8520,8580,8780,8640,8180,8500,8180,8270,8610
1985,6230,7360,7930,8640,8500,8780,8640,8330,8500,8160,8270,8640
1985,6230,7360,7930,8830,8610,8780,8640,8350,8470,7990,8270,8470
1985,6230,7360,7930,8640,8610,8780,8580,8350,8440,8160,8270,7050
1985,6310,7360,7930,8640,8640,8780,8580,8350,8380,8160,8270,6910
1985,6510,7360,7930,8640,8640,8640,8580,8350,8330,8160,8270,6910
1985,6650,7480,7930,8640,8640,8640,8580,8350,8410,8160,8380,6370
1985,6650,7480,7930,8610,8640,8640,8580,8300,8380,8160,8380,6340
1985,6800,7480,7930,8410,8610,8640,8580,8300,8350,8130,8380,6340
1985,6940,7480,7930,8160,8500,8640,8580,8300,8300,7820,8300,6340
1985,6940,7480,7960,7930,8640,8640,8500,8300,8330,8130,8160,6230
1985,6940,7480,7930,7930,8640,8640,8300,8300,8380,8160,8100,6030
1985,6940,,7930,7930,8640,8640,8550,8300,8380,8130,8070,6340
1985,6940,,8130,7930,8640,8640,8520,8300,8380,8130,8380,6540
1985,6940,,8130,,8610,,8550,8300,,8100,,6800
1986,6800,8190,8400,8390,9620,9030,9340,9190,9470,9510,9340,9480
1986,6800,8210,8440,8500,9660,9100,9330,9200,9550,9170,9360,9270
1986,6800,8210,8440,8560,9650,9160,9340,9200,9660,8890,9430,9130
1986,6520,8190,8440,8650,9650,9140,9350,9220,9640,8900,9650,9400
1986,6230,8070,8440,8500,9630,9160,9490,9190,9620,8900,9580,9630
1986,6230,8070,8440,8500,9640,9140,9490,9280,9610,8880,9680,9650
1986,6250,7950,8440,8460,9640,9170,9490,9330,9660,8900,9620,9620
1986,6520,7790,8440,8360,9600,9140,9500,9310,9640,8770,9650,9500
1986,6510,7790,8440,8400,9630,9160,9480,9210,9630,8640,9630,9050
1986,6510,7860,8300,8500,9660,9160,9490,9190,9620,8700,9600,9270
1986,6510,8010,8300,8500,9630,9160,9350,9200,9630,8930,9610,9640
1986,6510,8140,8350,8650,9630,9150,9340,9200,9400,9160,9640,8640
1986,6510,8260,8330,8640,9630,9160,9340,9190,8930,9340,9670,8510
1986,6700,8300,8210,8710,9600,9150,9340,9200,8910,9340,9630,8510
1986,6800,8230,8280,8810,9630,9150,9410,9200,8920,9440,9640,8700
1986,6860,8160,8380,8970,9640,9150,9460,9210,8920,9460,9620,8980
1986,7020,8140,8430,9050,9220,9170,9510,9270,8940,9330,9630,9070
1986,7150,8010,8480,9050,9200,9150,9480,9330,8920,9120,9690,9050
1986,7220,8010,8520,9220,9200,9130,9620,9350,8780,9020,9610,9060
1986,7220,8050,8550,9340,9210,9170,9640,9360,8510,9050,9540,9070
1986,7220,8180,8600,9380,9200,9340,9640,9350,8500,9020,9330,9070
1986,7260,8250,8620,9510,9200,9380,9630,9330,8570,9020,9370,9120
1986,7430,8240,8680,9530,9190,9360,9630,9350,8730,9050,9410,9350
1986,7590,8240,8700,9610,9040,9370,9640,9340,8950,9110,9550,9470
1986,7650,8290,8720,9650,9030,9350,9600,9210,9100,9200,9610,9280
1986,7720,8360,8770,9650,9030,9280,9640,9120,9370,9360,9610,9190
1986,7790,8340,8850,9630,9030,9330,9650,9120,9480,9550,9640,9200
1986,7790,8350,8910,9620,9030,9350,9570,9130,9490,9620,9650,9210
1986,7870,,8860,9630,9030,9340,9480,9160,9550,9640,9650,9770
1986,7980,,8710,9630,9030,9340,9350,9270,9650,9630,9630,10100
1986,8100,,8480,,9040,,9190,9380,,9520,,10200
1987,10200,6920,9350,7800,9620,8940,8760,8190,7830,7980,7190,6990
1987,10200,7180,9370,7800,9650,8930,8740,8190,7830,7980,7190,6990
1987,10200,7510,9380,7510,9610,8960,8750,8170,7840,7970,7190,6980
1987,10200,7810,9580,7670,9640,8940,8760,8190,7860,7960,7190,7000
1987,10200,8030,9540,7950,9670,8960,8750,8190,7740,7970,7180,7320
1987,10200,8340,9430,8060,9620,8890,8750,8170,7740,7950,7200,7650
1987,10200,8510,9370,8060,9630,8900,8760,8170,7720,7970,7120,7650
1987,10200,8500,9330,7800,9620,8890,8750,8140,7730,7950,7110,7590
1987,10200,8510,9330,7980,9640,8870,8750,8140,7720,7960,7110,7600
1987,10200,8810,9340,8430,9640,8900,8750,8130,7730,7830,7110,7540
1987,10200,8780,9410,8730,9630,8890,8730,8130,7730,7820,7110,7580
1987,10200,8800,9530,8860,9630,8880,8730,8140,7820,7820,7110,7730
1987,10200,8190,9470,8960,9630,8930,8700,8130,7820,7820,7110,7740
1987,10200,6820,8520,9070,9550,8930,8740,8120,7820,7810,6950,7720
1987,10200,6790,8500,9050,9330,8920,8720,8130,7820,7820,6940,7680
1987,9380,6800,8520,8980,9100,8920,8730,8130,7820,7810,6950,7590
1987,6930,6900,8620,9060,9090,8910,8710,8130,7820,7610,6940,7750
1987,7220,7290,8750,9150,9090,8910,8700,8140,7270,7740,6940,7720
1987,7220,7720,8810,9260,9090,8920,8700,8130,7310,7720,6950,7650
1987,7230,8070,8790,9490,9100,8880,8680,8130,7480,7730,6930,7660
1987,7210,8280,8820,9640,9100,8850,8700,8120,7760,7720,6940,7650
1987,6940,8400,8800,9630,9070,8870,8690,8020,7840,7700,6940,7650
1987,6210,8570,9030,9630,9010,8860,8650,8010,7890,7700,6940,7650
1987,6240,8710,9320,9620,9000,8850,8650,8010,7940,7420,6950,7650
1987,6230,8850,9090,9650,9020,8880,8680,8020,7930,7430,6950,7650
1987,6240,9000,8900,9640,8990,8830,8670,8000,7810,7420,6840,7650
1987,6230,9100,8470,9610,9010,8760,8470,8010,7990,7410,6940,7650
1987,6220,9250,7980,9650,8990,8760,8300,8010,7990,7420,6990,7660
1987,6390,,7510,9630,9000,8750,8310,7840,7990,7420,6990,7630
1987,6620,,7490,9630,8960,8750,8290,7840,7980,7430,7000,7650
1987,6800,,7640,,8970,,8290,7850,,7190,,7650
1988,7650,6800,7500,7140,6940,7250,6970,6970,6850,6740,6800,7280
1988,7650,6800,7480,7250,6940,7250,6880,6970,6850,6740,6800,7280
1988,7650,6800,7450,7250,6940,7250,6880,6970,6910,6740,6800,7250
1988,7650,6800,7450,7250,6510,7220,6880,6970,6910,6740,6800,7250
1988,7560,6800,7450,7250,6510,7190,6880,6970,6910,6740,6800,7250
1988,6510,6800,7450,7250,6510,7220,6880,6970,6910,6740,6800,7250
1988,6510,6800,7450,7250,6460,7220,6880,6970,6910,6740,6800,7250
1988,6510,7590,7450,7250,6460,7220,6880,6970,6910,6740,6800,7250
1988,6510,7530,7450,7330,6460,7220,6820,6990,6910,6740,6800,7250
1988,6510,7020,7450,7310,6460,7220,6820,6970,6880,6740,6800,7250
1988,6600,7220,7450,7310,6460,7110,6820,6970,6880,6740,6800,7310
1988,6800,7020,7390,7310,6460,7110,6820,6970,6880,6740,6970,7190
1988,6800,6800,7390,7310,6480,7110,6820,6990,6880,6740,6970,7250
1988,6540,6800,7390,7310,6770,7110,6820,6990,6880,6740,6970,7250
1988,6230,6800,7390,7310,6770,7110,6800,6990,6880,6770,6970,7250
1988,6230,6910,7390,7160,6770,7110,6820,6990,6880,6770,6970,7250
1988,6230,6990,7390,7160,6770,7110,6800,6990,6880,6770,6970,7080
1988,6370,7080,7390,7160,6770,7020,6800,6990,6880,6770,6970,7080
1988,6510,7220,7390,7160,6770,7020,6800,6990,6880,6770,7110,7080
1988,6510,7390,7390,7160,6770,6990,6800,6970,6880,6770,7110,6770
1988,6510,7450,7390,7160,6770,7020,6800,6970,6880,6770,7110,6770
1988,6510,7450,7390,7160,6770,7020,6820,6990,6880,6800,7110,6770
1988,6510,7450,7390,6990,6770,7020,6970,6970,6880,6800,7110,6770
1988,6800,7450,7390,6990,6770,7020,6970,6970,6820,6800,7110,6510
1988,6800,7450,7390,6990,6770,6970,6910,6970,6820,6800,7110,6510
1988,6800,7450,7140,6990,6770,6970,6940,6970,6820,6800,7280,6510
1988,6510,7250,7140,6990,6800,6990,6940,6850,6820,6800,7280,6510
1988,6510,7500,7140,6990,7250,6970,6940,6850,6820,6800,7280,6510
1988,6480,7500,7140,6970,7250,6970,6940,6850,6820,6800,7310,6480
1988,6800,,7140,6940,7250,6970,6970,6850,6820,6820,7280,6310
1988,6800,,7160,,7250,,6970,6850,,6820,,6200
1989,6200,6100,6640,5350,6230,6930,8050,7780,7520,7280,7210,7800
1989,6200,6110,6620,5370,6230,6950,8040,7790,7450,7360,7220,7840
1989,6200,6110,6620,5760,6220,7050,8040,7790,7460,7310,7230,7840
1989,6200,5860,6280,5320,6230,7050,8040,7790,7460,7310,7220,7840
1989,6200,5860,6240,5350,6230,7050,8040,7660,7450,7320,7220,7720
1989,6200,6650,6260,5350,6230,7040,8040,7640,7450,7090,7220,7030
1989,5760,6660,6270,5370,6230,7050,8040,7660,7450,7200,7220,7040
1989,5760,6660,6260,5650,6230,7060,8020,7660,7470,7220,7220,6540
1989,6150,6660,6260,5640,6230,7110,8010,7640,7400,7230,7220,6540
1989,6150,6650,6260,5630,6240,7310,8010,7650,7430,7220,7220,6540
1989,6140,5910,6170,5650,6230,7260,8010,7630,7420,7230,7280,6540
1989,6130,5920,6170,5670,6220,7320,8020,7680,7430,7230,7290,6540
1989,6140,6710,6210,5610,6200,7310,8010,7680,7430,7220,7280,6250
1989,5780,6710,6150,5650,6200,7310,8010,7670,7410,7220,7280,6240
1989,5890,6710,6170,6000,6200,7310,7990,7670,7440,7220,7280,6250
1989,6310,6710,6170,6010,6200,7320,8000,7670,7500,7210,7280,6250
1989,6300,6710,6170,6000,6200,7480,7990,7670,7450,7220,7280,6470
1989,6310,5900,6090,6000,6210,7480,7990,7660,7480,7210,7500,7080
1989,6310,5890,6090,6000,6230,7470,7990,7650,7480,7220,7500,7080
1989,6300,6690,6090,5990,6810,7520,7990,7660,7480,7210,7510,6560
1989,5670,6680,6080,6000,6800,7450,7980,7650,7480,7160,7500,6040
1989,5670,6690,6090,6060,6800,7490,7840,7660,7490,7170,7510,5810
1989,6060,6690,6090,6060,6790,7510,7840,7640,7400,7160,7500,6040
1989,6070,6690,6090,6060,6790,7760,7840,7650,7380,7160,7500,6330
1989,6070,5830,6200,6070,6810,7770,7850,7640,7380,7160,7790,6500
1989,6060,5830,6200,6050,6810,7760,7830,7540,7390,7150,7790,6510
1989,6040,6630,6200,6060,6950,7750,7850,7530,7390,7170,7790,6510
1989,5690,6630,6230,6080,6950,7770,7840,7520,7390,7220,7790,6510
1989,5570,,6200,6230,6940,7760,7790,7530,7410,7250,7790,6510
1989,6110,,5770,6220,6950,7790,7790,7540,7290,7230,7790,6510
1989,6110,,5780,,6930,,7790,7530,,7220,,6510
1990,6510,7220,7310,7650,8130,8300,8070,7660,7540,7200,7560,7360
1990,6510,7220,7310,7650,8130,8330,8070,7650,7520,7170,7560,7360
1990,6520,7250,7450,7650,8130,8330,8070,7640,7530,7190,7660,7360
1990,6790,7230,7450,7650,8120,8340,8070,7600,7530,7220,7660,7230
1990,6800,6910,7450,7340,8050,8330,8070,7590,7550,7160,7650,7360
1990,6250,6760,7450,7090,8040,8330,8080,7590,7510,7160,7080,7360
1990,6240,6970,7450,7370,8040,8330,8040,7590,7520,7160,7220,7360
1990,7020,7040,7450,7850,8040,8340,8040,7600,7420,7160,7220,7880
1990,7020,7180,7450,7730,8040,8470,8040,7590,7420,7180,7220,7650
1990,7030,7220,7420,7790,8030,8480,8040,7570,7420,7160,7090,7650
1990,7030,7220,7420,7790,8040,8470,8040,7500,7420,7180,7080,7650
1990,7020,7220,7420,7790,8040,8470,8040,7500,7420,7160,7080,7650
1990,6250,7220,7420,7790,8040,8470,8030,7510,7420,7270,7080,7650
1990,6230,7220,7420,7960,8040,8470,7870,7490,7440,7230,7080,7650
1990,7030,7220,7420,7960,8040,8480,7880,7500,7370,7240,7080,7650
1990,7030,7220,7420,7980,8040,8250,7870,7500,7370,7260,7080,7510
1990,7030,7220,7630,7960,8040,8550,7870,7510,7380,7270,7380,7080
1990,7030,7220,7280,7970,8080,8410,7870,7570,7410,7250,7360,7080
1990,7020,7220,6970,7960,8340,8410,7870,7560,7370,7250,7380,7070
1990,6380,7220,7110,7980,8330,8420,7850,7570,7390,7400,7380,7080
1990,6370,7220,7530,8050,8330,8410,7690,7570,7380,7400,7370,7080
1990,7160,7220,7530,8030,8330,8410,7710,7550,7250,7400,7360,6510
1990,7170,7230,7530,8050,8330,8160,7700,7570,7270,7400,7360,6510
1990,7170,7310,7700,8040,8330,8160,7700,7550,7260,7380,7360,6510
1990,7170,7310,7700,8040,8330,8160,7710,7560,7250,7390,7360,6510
1990,7170,7310,7700,8040,8300,8160,7700,7500,7230,7410,7370,6510
1990,7220,7310,7700,8050,8300,8160,7700,7530,7240,7550,7350,6510
1990,7220,7310,7700,8130,8300,8160,7660,7530,7280,7570,7360,6510
1990,7220,,7700,8130,8310,8150,7650,7520,7220,7560,7360,6250
1990,7220,,7700,8130,8290,8080,7650,7530,7160,7560,7370,6240
1990,7220,,7650,,8310,,7640,7550,,7560,,7020
1991,7020,7360,8640,8920,8610,7930,7930,7360,7330,6970,6710,6260
1991,7020,7360,8640,8920,8720,7930,7930,7360,7330,6940,6540,6260
1991,7020,7360,8640,8950,8860,7930,7930,7360,7330,6910,6540,6260
1991,7020,7360,8640,8920,8920,7930,7930,7360,7330,6970,6540,6260
1991,6910,7360,8640,8920,8920,7930,7900,7360,7330,6940,6540,6260
1991,6510,7360,8640,8640,8980,7930,7650,7360,7310,6650,6540,6260
1991,6490,7360,8640,8640,9060,7930,7650,7360,7190,6800,6540,6260
1991,6230,7360,8640,8640,9060,7930,7650,7360,7190,6800,6540,6260
1991,6230,7650,8640,7990,9060,7930,7650,7390,7190,6800,6200,6260
1991,6230,7650,8640,6910,9090,7930,7650,7360,7190,6800,6200,6260
1991,6510,7650,8640,6370,9200,7930,7650,7330,7190,6800,6200,6260
1991,6510,7930,8640,6370,9200,7930,7650,7390,7190,6770,6200,6260
1991,6510,7930,8640,6650,9200,7930,7650,7360,7190,6770,6200,6260
1991,6510,8210,8780,7080,9200,7930,7500,7360,7160,6770,6200,6370
1991,6510,8210,8920,7390,9200,7930,7500,7360,7160,6770,6200,6370
1991,6510,8350,9060,7790,9180,7930,7500,7360,7160,6770,6230,6370
1991,6510,8350,9200,7790,8670,7930,7480,7360,7160,6800,6230,6370
1991,6510,8350,9200,7790,8690,7930,7500,7360,7190,6800,6230,6370
1991,6510,8350,9200,7820,8670,7930,7500,7360,7140,6710,6290,6370
1991,6510,8350,9200,8010,8670,7930,7500,7360,7190,6710,6290,6370
1991,6510,8350,9200,8070,8670,7930,7500,7360,7140,6710,6290,6170
1991,6650,8350,9200,7730,8670,7930,7500,7360,7080,6710,6290,5920
1991,6800,8640,9200,7160,8380,7930,7500,7390,7080,6710,6290,6230
1991,6800,8640,9200,7080,8350,7930,7500,7360,7140,6710,6290,6230
1991,6800,8640,9200,7360,8100,7930,7530,7330,7110,6710,6290,6230
1991,7080,8640,9200,7670,7930,7930,7530,7360,7110,6710,6290,6230
1991,7080,8640,9200,7990,7930,7930,7500,7360,7110,6710,6290,6230
1991,7080,8640,9200,8240,7930,7930,7360,7360,6940,6710,6290,6230
1991,7080,,8920,8410,7930,7930,7360,7360,6910,6710,6290,6230
1991,7360,,8640,8470,7930,7930,7360,7360,6940,6710,6260,6230
1991,7360,,8720,,7930,,7360,7330,,6710,,6230
1992,6230,6520,6460,6680,7370,7990,7420,7590,7900,7800,8180,8410
1992,6230,6510,6480,6650,7360,7990,7430,7590,7900,7810,8140,8410
1992,6230,6500,6470,6650,7370,8000,7400,7590,7900,8650,8120,8420
1992,6240,6660,6450,6920,7360,7990,7290,7580,7910,8620,8290,8410
1992,6230,6660,6460,6880,7370,7970,7280,7600,8140,8210,8390,8410
1992,6230,6650,6460,6900,7360,7670,7280,7580,8130,8210,8370,8410
1992,6240,6650,6460,6910,7360,7670,7290,7610,8120,8220,8390,8410
1992,6220,6600,6460,6910,7380,7660,7280,7740,8130,8200,8380,8420
1992,6230,6310,6460,6910,7810,7670,7280,7730,8140,8200,8130,8410
1992,6230,6310,6460,6910,7810,7670,7290,7730,8120,8080,8130,8410
1992,6030,6320,6470,6940,7810,7660,7260,7730,8120,8070,8140,8120
1992,5470,6310,6460,6900,7810,7690,7260,7730,7930,8070,8130,7870
1992,6140,6310,6460,6910,7810,7850,7250,7730,7950,8070,8130,7790
1992,6140,6310,6690,6920,7810,7840,7260,7760,8350,8080,8350,8070
1992,5800,5660,6690,6910,7820,7850,7260,7910,8350,8060,8350,8410
1992,5810,5610,6680,6910,7880,7830,7250,7900,8350,8060,8340,8420
1992,5800,6440,6680,6930,7870,7840,7270,7900,8350,7780,8360,8400
1992,5960,6420,6680,7080,7870,7840,7370,7900,8350,7810,8340,8410
1992,5950,6430,6680,7080,7870,7830,7320,7900,8420,8180,8360,8420
1992,6350,6420,6680,7080,7870,7620,7350,7910,8420,8190,8350,8410
1992,6360,,6660,7090,7890,7620,7380,7900,8400,8180,8380,8410
1992,6340,5790,6650,7080,7870,7620,7340,7910,8410,8180,8380,8410
1992,6330,5770,6650,7070,7830,7620,7370,7900,8410,8190,8280,8410
1992,6330,6570,6660,7110,7810,7620,7360,7900,8410,8410,8200,8410
1992,5880,6560,6650,6790,7820,7630,7570,7900,8380,8410,8300,8410
1992,5670,6570,6660,6800,7830,7600,7570,7900,7650,8420,8380,8420
1992,6520,6560,6670,6610,7820,7430,7570,7900,7650,8070,8370,8410
1992,6530,6580,6670,7080,7810,7420,7560,7900,7630,8070,8420,8410
1992,6230,,6580,7080,7830,7420,7560,7750,7650,8070,8410,8400
1992,6230,,6670,7070,8000,7420,7560,7730,7740,8070,8410,8490
1992,6520,,6670,,7980,,7570,7900,,7790,,8640
1993,8280,8090,7590,8690,9920,10400,9870,8780,8310,7500,7260,7120
1993,6510,7930,7970,8690,9890,9900,9900,8770,8330,7530,7420,7090
1993,6800,8050,8260,8700,9880,10600,9400,8800,8290,7780,7550,7120
1993,7080,8230,8230,8750,9910,10100,9400,8780,7980,7650,7560,7580
1993,6950,8380,7790,8810,9890,9920,9410,8780,7970,7470,7560,7570
1993,6800,8290,7810,8830,9900,9880,9400,8780,7970,7460,7390,7420
1993,6800,8090,8100,8970,9910,9900,9400,8780,7970,7470,7380,7560
1993,6800,8000,8350,8770,9910,10700,9400,8790,7970,7460,7380,7570
1993,6800,7830,8350,7970,9900,10100,9380,8780,7980,7480,7380,7570
1993,6800,7600,8350,7070,9900,10100,8790,8780,7970,7470,7380,7570
1993,6800,7710,8350,6510,9900,10700,8780,8780,7910,7490,7390,7830
1993,6800,7800,8380,6510,9890,9930,8780,8780,7910,7460,7380,7790
1993,6880,7690,8400,6830,9900,9870,8780,8780,7920,7460,7210,7820
1993,6750,7260,7950,7770,9900,9940,8780,8700,8050,7470,7200,7570
1993,6600,7000,8090,8000,9920,9890,8780,8700,7970,7490,7210,7220
1993,6810,7170,8000,8210,9900,9900,8790,8700,7910,7580,7200,7210
1993,6750,7640,8050,8620,9880,9900,8780,8700,7910,7570,7200,7360
1993,6500,7900,8120,8700,9920,9890,8780,8700,7810,7570,7200,7580
1993,6620,7770,8100,8820,9890,9910,8780,8690,7820,7580,7200,7570
1993,6950,7360,8140,8980,10700,9890,8780,8700,7820,7590,7220,7570
1993,7180,7150,8250,9030,10000,9900,8770,8650,7820,7580,7190,7570
1993,7300,7300,8350,8420,9900,9920,8800,8660,7820,7600,7210,7620
1993,7310,7060,8470,7880,9910,9880,8780,8620,7820,7710,7200,7850
1993,7300,6700,8350,7730,10100,9900,8780,8610,7810,7700,7210,7850
1993,7300,6700,8400,7980,10700,9890,8790,8610,7500,7710,7110,7840
1993,7460,6700,8600,8110,9920,9890,8780,8480,7500,7580,7200,7840
1993,7800,6910,8700,8310,10100,9910,8790,8320,7500,7530,7110,6610
1993,8010,7230,8900,9190,10700,9900,8770,8320,7500,7710,7110,6150
1993,8060,,8890,9630,9900,9920,8780,8300,7510,7690,7110,5800
1993,8150,,8910,9720,9910,9910,8780,8320,7500,7580,7120,5950
1993,8160,,8880,,10400,,8790,8310,,7490,,6220
